Name,Date Of Birth,Country,Number_400m,Number_first_50m,Number_second_50m,Number_third_50m,Number_fourth_50m,Number_fifth_50m,Number_sixth_50m,Number_seventh_50m,gender,Stroke
"GIRERD, Mathis",2005,FRA,04:35.4,29.05,33.86,35.59,35.96,35.8,36.23,35.83,m,Freestyle
"DEFOIS-PERNOT, Oscar",2008,FRA,04:38.0,30.96,34.73,35.33,35.86,35.3,35.89,35.43,m,Freestyle
"ROUX, Mael",2008,FRA,04:42.0,31.02,34.64,35.83,36.46,36.37,36.68,35.98,m,Freestyle
"PUYRAIMOND, Natan",2006,FRA,04:42.1,30.72,34.92,35.82,36.57,36.2,37.24,37.33,m,Freestyle
"LE BAIL, Tom",2007,FRA,04:42.8,31.58,34.77,35.85,35.89,36.27,36.37,37.17,m,Freestyle
"LAUREAU, Charly",2007,FRA,04:43.7,31.86,35.05,36,36.18,36.28,37.07,36.16,m,Freestyle
"LAFFAGE, Nicolas",2004,FRA,04:44.4,30.69,34.88,35.68,36.85,36.29,36.94,37.08,m,Freestyle
"COURAUD, Victor",2006,FRA,04:45.8,30.42,34.66,36.31,36.74,37.17,37.14,37.43,m,Freestyle
"BRUCKERT, Alois",2006,FRA,04:46.4,31.14,35.1,35.52,36.47,36.78,37.38,37.15,m,Freestyle
"PETREMENT, Thomas",2008,FRA,04:48.2,31.66,35.02,36.91,37.69,38.51,37.16,37.4,m,Freestyle
"BOUCHY, Noa",2007,FRA,04:48.5,33.77,35.84,37.41,36.72,37.03,36.97,37,m,Freestyle
"MOUHIB, Yahya",2002,MAR,04:48.7,31.75,36.43,36.72,37.52,36.46,38.61,35.73,m,Freestyle
"DA COSTA, Sacha",2007,FRA,04:52.1,32.58,35.66,36.94,37.44,37.76,38.23,36.81,m,Freestyle
"LIOTIER, Aaron",2008,FRA,04:53.2,33.07,37.77,38.05,37.32,36.31,38.2,38.09,m,Freestyle
"PERRIOT-COMTE, Nathan",2008,FRA,04:53.4,33.44,36.42,36.86,37.37,37.14,37.37,37.54,m,Freestyle
"HUBNER, Martin",2006,FRA,04:54.5,33.41,36.26,37.64,37.2,37.74,37.57,38.1,m,Freestyle
"RAVINET, Yann",2004,FRA,04:55.0,32.65,35.84,37.15,38.36,37.88,38.2,37.98,m,Freestyle
"CHAMPMARTIN, Youri",2008,FRA,04:55.1,33.9,37.37,37.35,37.57,38.07,37.81,37.69,m,Freestyle
"BELKENTAOUI, Elyas",2005,FRA,04:55.3,31.85,34.82,37.8,38.57,38.61,38.69,38.93,m,Freestyle
"GARNIER, Mathis",2008,FRA,04:57.0,33.42,37,38.58,37.79,38.53,38.17,37.49,m,Freestyle
"DEFONTAINE, Malo",2006,FRA,05:01.1,32.38,36.35,37.08,38.61,38.52,41.12,40.35,m,Freestyle
"MEFTAH SAOUES--POULOT, Loris",2008,FRA,05:01.3,32,34.96,37.39,39.12,40.72,40.49,38.98,m,Freestyle
"GIRERD, Hugo",2008,FRA,05:01.5,32.29,37.02,38.58,39.16,39.03,39.9,38.2,m,Freestyle
"BEAUJON, Cyril",2008,FRA,05:01.9,33.32,36.59,38.42,38.27,40.07,38.77,39.39,m,Freestyle
"SERIN, Timothee",2007,FRA,05:03.0,33.2,37.53,38.38,39.09,38.73,39.55,38.69,m,Freestyle
"SOUMAHORO, Inza",2008,FRA,05:03.9,31.83,36.87,38.51,39.18,39.84,39.16,39.89,m,Freestyle
"VAUTRIN, Lilian",2007,FRA,05:05.1,32.21,36.46,37.88,39.1,40.3,39.66,40.58,m,Freestyle
"COLSON, Celio",2007,FRA,05:11.5,33.95,38.13,40.4,39.9,39.77,40.86,40.28,m,Freestyle
"OUDOT, Albert",2007,FRA,05:11.7,32.14,37.2,39.02,40.34,40.81,41.37,41.39,m,Freestyle
"MASSOTTE, Louis",2007,FRA,05:13.0,34.22,39.68,39.44,40.03,39.48,38.87,40.85,m,Freestyle
"CINI, Theo",2009,FRA,05:16.7,33.75,38.66,39.74,41.35,41.04,41.89,41.07,m,Freestyle
"BARON, Jean-Mathis",2008,FRA,05:19.4,35.87,39.1,41.2,41.03,41.32,40.18,41.06,m,Freestyle
"BENSAFIA, Naell",2008,FRA,05:24.2,34.37,38.12,40.71,41.42,42.62,42.23,43.05,m,Freestyle
"GREMEAUX, Gaspard",2009,FRA,05:41.7,38.08,43.72,44.64,43.88,44.2,42.77,42.98,m,Freestyle
"VERVIER, Nathan",2009,FRA,05:42.0,37.52,43.27,43.62,43.51,43.67,43.33,43.72,m,Freestyle
"ROGGIA, Jessy",2009,FRA,05:44.8,37.72,42.44,44.09,44.5,44.72,45.83,46.5,m,Freestyle
"GUENNOC-JUDAS, Ewen",2009,FRA,05:59.1,39.14,44.33,45.71,46.58,45.92,46.97,46.18,m,Freestyle
"POSTAL, Adrien",2004,FRA,04:23.9,29.23,32.72,33.25,33.65,33.75,34.38,34.02,m,Freestyle
"JOLY, Mathieu",2005,FRA,04:27.5,29.55,32.64,33.65,34.39,34.52,35.38,33.97,m,Freestyle
"BRENOT, Victor",2005,FRA,04:28.3,29.6,32.79,33.7,34.53,34.53,35.25,34.56,m,Freestyle
"LOPEZ, Thibaut",2007,FRA,04:30.9,30.23,33.79,34.41,35.12,34.61,35.11,34.03,m,Freestyle
"CUENIN, Lucas",2004,FRA,04:32.5,28.99,33.04,33.59,36.11,35.95,36.56,36.09,m,Freestyle
"CHAUVIN, Titouan",2003,FRA,04:33.0,29.29,32.92,33.85,35.22,35.16,36,35.77,m,Freestyle
"POSTAL, Pierre",2004,FRA,04:38.0,30.34,33.95,35.29,35.25,36.06,36.2,36.94,m,Freestyle
"OUDOT, Charles",2005,FRA,04:38.3,31.29,34.15,35.47,35.59,36.11,35.96,36.06,m,Freestyle
"GILLET, Dorian",2005,FRA,04:47.2,32.39,35.72,36.28,36.47,36.46,36.34,36.5,m,Freestyle
"SERIN, Timothee",2007,FRA,04:59.5,33.93,36.55,37.86,37.84,38.62,37.97,38.52,m,Freestyle
"BAYRAT, Ethan",2006,FRA,05:01.3,33.16,37.63,37.77,38.64,38.55,38.88,38.12,m,Freestyle
"RABIAN--MACHIN, Swan",2007,FRA,05:37.7,34.28,40.29,43.51,42.99,44.52,43.86,44.95,m,Freestyle
"GUENNOC-JUDAS, Ewen",2009,FRA,05:56.4,39.03,43.92,44.92,45.19,45.81,45.67,45.81,m,Freestyle
"GILLET, Dorian",2005,FRA,04:49.3,32.31,35.94,36.33,36.7,37.42,36.23,37.36,m,Freestyle
"MAILLOT, Nicolas",2005,FRA,05:00.0,33.43,36.78,37.76,38.16,38.46,38.11,38.88,m,Freestyle
"GAUTHIER, Jeanne-Lise",2008,FRA,04:54.3,32.93,36.98,37.52,37.93,37.44,37.94,38.44,f,Freestyle
"HAEGY-BEGRAND, Maya",2007,FRA,04:56.9,32.33,36.55,38.02,38.98,38.18,38.17,37.85,f,Freestyle
"BARAN, Anna",2006,FRA,04:57.3,33.22,36.66,37.96,37.93,38.57,38.22,38.39,f,Freestyle
"WENGER, Margaux",2005,FRA,04:57.7,33.23,36.75,37.18,38.17,38.21,38.53,38.45,f,Freestyle
"TSCHENN, Zelie",2004,FRA,04:59.8,33.4,37.4,38.37,38.49,38.84,38.96,38.53,f,Freestyle
"GAUTHIER, Marie-Emerence",2006,FRA,05:04.8,33.17,37.99,38.56,39.05,38.95,39.9,39.02,f,Freestyle
"FOSSIER, Jeanne",2005,FRA,05:05.8,33.41,37.81,38.73,39.35,38.86,40.2,39.69,f,Freestyle
"LESEUR, Emilie",2008,FRA,05:05.9,34.32,38.54,39.55,39.23,38.96,39.33,38.6,f,Freestyle
"AUGUEUX, Emma",2008,FRA,05:06.1,35.51,38.99,39.39,40.39,39.05,38.88,37.61,f,Freestyle
"BAILLY, Camille",2006,FRA,05:06.8,34.62,37.57,38.9,39.15,39.7,39.7,39.58,f,Freestyle
"HADHOUM, Jade",2008,FRA,05:11.3,33.83,39.25,40.92,40.52,40.56,40.24,39.47,f,Freestyle
"BOGGIO, Blandine",2009,FRA,05:11.9,35.69,38.86,40.31,39.82,39.86,40.54,40.04,f,Freestyle
"GUENIN, Lena",2005,FRA,05:11.9,34.21,38.41,41.19,39.51,40.68,39.57,39.89,f,Freestyle
"VERDONCK, Florene",2006,FRA,05:12.6,33.28,37.45,38.97,40.19,40.52,41.44,41.46,f,Freestyle
"FAIVRE, Peneloppe",2008,FRA,05:17.2,35.93,39.16,40.31,40.73,41.03,40.73,40.57,f,Freestyle
"LECONTE, Maelle",2004,FRA,05:18.6,36,39.38,40.2,41.16,40.96,41.05,41.55,f,Freestyle
"CUNEY, Jade",2007,FRA,05:18.7,33.85,38.45,40.15,41.01,41.41,41.64,41.77,f,Freestyle
"RAINON, Emma",2007,FRA,05:18.9,34.21,39.48,40.71,40.72,41.57,41.36,40.22,f,Freestyle
"BARRAUX, Sohane",2009,FRA,05:18.9,33.87,39.68,40.91,40.81,40.37,41.83,41.24,f,Freestyle
"BUATOIS, Eva",2009,FRA,05:21.0,36.05,41.08,41.42,41.63,41.47,41.68,40.28,f,Freestyle
"BONET, Emma",2008,FRA,05:21.1,35.88,40.36,41.23,41.59,40.97,41.74,41.09,f,Freestyle
"DELECLUSE-ROMAIN, Lola",2008,FRA,05:25.1,37.46,40.5,41.77,41.96,42.06,41.12,41.75,f,Freestyle
"HOAREAU, Sarah",2010,FRA,05:32.3,34.73,40.35,41.84,41.32,43.64,44.58,43.71,f,Freestyle
"LEBREF, Pauline",2009,FRA,05:35.6,37.05,41.84,42.44,43.34,43.98,43.29,42.97,f,Freestyle
"BRIERLEY-MOYES, Nora",2009,FRA,05:35.8,38.25,43.26,43.12,45.07,42.98,43.29,41.93,f,Freestyle
"COLLIN, Lea",2009,FRA,05:37.0,36.49,41.83,43.25,42.97,43.94,43.73,43.3,f,Freestyle
"GRIFFITHS, Arwen",2007,FRA,05:37.8,36.02,42.72,42.94,44.32,43.44,44.78,42.1,f,Freestyle
"MORENO, Julia",2009,FRA,05:40.5,37.4,41.4,43.36,43.34,44.19,43.69,43.89,f,Freestyle
"JAY, Harmonie",2009,FRA,05:53.4,40.58,45.72,44.24,45.92,44.4,44.69,44.58,f,Freestyle
"VASSALLO, Lilou",2009,FRA,05:56.2,40.07,46.2,45.73,46.42,45.64,44.9,43.39,f,Freestyle
"HADHOUM, Ilona",2004,FRA,04:29.3,30.53,33.37,33.87,34.06,34.44,34.51,34.66,f,Freestyle
"DENIZOT, Candice",2002,FRA,04:37.4,31.2,34.6,35.29,34.63,35.42,35.84,35.99,f,Freestyle
"MIR, Emilie",2005,FRA,04:42.3,31.69,35.4,35.81,36.56,36.04,36.44,36.2,f,Freestyle
"RABIA, Aya-Maria",2006,FRA,04:44.5,32.6,35.63,35.63,36.35,36.27,36.53,36.02,f,Freestyle
"MOISON, Maela",2002,FRA,04:45.0,31.89,34.96,36.74,36.57,36.95,36.54,36.62,f,Freestyle
"PILLOT, Sarah-Marie",2002,FRA,04:48.9,31.33,34.65,35.95,37.16,37.22,37.53,37.53,f,Freestyle
"BARAN, Jeanne",2001,FRA,04:53.1,32.79,35.9,37.34,37.44,37.97,37.94,37.86,f,Freestyle
"NEMETH, Laura-Blanka",2007,HUN,04:55.7,33.97,37.38,36.33,37.08,37.73,37.9,38.66,f,Freestyle
"LATIL, Marion",2004,FRA,05:24.2,37.13,41.15,40.81,41.29,40.42,41.26,38.15,f,Freestyle
"MORGENTHALER, Illona",2002,FRA,05:32.8,37.63,41.71,42,42.42,42.17,42.35,41.92,f,Freestyle
"DIGIORGIO, Leane",2007,FRA,05:33.3,36.15,41.38,42.36,42.43,42.8,42.85,42.77,f,Freestyle
"MORENO, Julia",2009,FRA,05:40.1,37.66,42.05,43.51,42.64,43.53,44,43.55,f,Freestyle
"STUDER, Flavie",2005,FRA,05:15.4,35.43,38.63,40.18,40.02,39.98,40.5,40.04,f,Freestyle
"CASTAGNA, Lola",2005,FRA,05:20.2,35.69,39.66,39.91,40.71,40.74,41.13,40.61,f,Freestyle
"BORLE ISNER, Oceane",2008,FRA,05:25.4,35.4,38.89,40.91,41.19,41.85,41.81,42.81,f,Freestyle
"ROUGEOT, Pauline",2008,FRA,05:39.7,35.81,40.98,42.62,43.92,43.3,44.09,44.41,f,Freestyle
"DIGIORGIO, Leane",2007,FRA,05:42.9,38.5,42.59,43.63,43.32,43.77,44.07,43.44,f,Freestyle
"STUDER, Flavie",2005,FRA,05:19.2,35.77,39.79,40.61,40.09,40.45,41.04,40.9,f,Freestyle
"LATIL, Marion",2004,FRA,05:24.7,36.76,40.3,40.97,41.09,41.5,41.53,41.24,f,Freestyle
"MALYUTIN, Martin",1999,RUS,03:44.2,26.67,28.98,28.53,28.67,28.77,28.44,27.52,m,Freestyle
"AUBOECK, Felix",1996,AUT,03:44.6,26.7,28.47,28.46,28.7,28.52,28.76,28.28,m,Freestyle
"RAPSYS, Danas",1995,LTU,03:45.4,25.5,28.52,28.97,29.45,29.29,28.91,28.34,m,Freestyle
"DETTI, Gabriele",1994,ITA,03:46.1,26.34,28.36,28.64,29.31,29.27,28.96,28.26,m,Freestyle
"DE TULLIO, Marco",2000,ITA,03:46.4,26.12,28.42,28.74,29.22,29.18,29.12,28.29,m,Freestyle
"DJAKOVIC, Antonio",2002,SUI,03:46.5,26.36,28.29,28.88,29.34,29.11,29.06,28.62,m,Freestyle
"CHRISTIANSEN, Henrik",1996,NOR,03:46.9,26.65,28.95,28.74,28.88,28.85,28.55,28.65,m,Freestyle
"ZIRK, Kregor",1999,EST,03:48.3,26.6,29.18,29.29,28.97,29.02,28.83,28.68,m,Freestyle
"DJAKOVIC, Antonio",2002,SUI,03:47.2,25.68,28.39,29.03,29.41,29.01,29.05,28.84,m,Freestyle
"CHRISTIANSEN, Henrik",1996,NOR,03:47.5,26.48,28.56,28.92,28.94,28.96,28.83,28.89,m,Freestyle
"DETTI, Gabriele",1994,ITA,03:47.6,26.38,28.41,28.68,28.91,28.79,29.03,28.96,m,Freestyle
"AUBOECK, Felix",1996,AUT,03:47.6,26.6,28.47,28.46,28.68,28.76,28.94,29.12,m,Freestyle
"DE TULLIO, Marco",2000,ITA,03:47.8,25.61,27.81,28.63,29.6,29.54,29.16,28.84,m,Freestyle
"MALYUTIN, Martin",1999,RUS,03:47.9,26.07,28.49,28.83,28.61,29.55,29.14,29.4,m,Freestyle
"RAPSYS, Danas",1995,LTU,03:48.0,25.2,27.9,28.4,29.04,29.33,29.67,30.21,m,Freestyle
"ZIRK, Kregor",1999,EST,03:48.4,26.45,29.11,29.6,29.5,29.01,28.88,28.42,m,Freestyle
"LITCHFIELD, Max",1995,GBR,03:48.4,26.6,29.09,29.26,29.77,28.85,28.48,28.18,m,Freestyle
"CIAMPI, Matteo",1996,ITA,03:48.6,26.57,29,29.02,29.01,28.75,29.07,29.05,m,Freestyle
"ENGLEZAKIS, Konstantinos",2001,GRE,03:48.6,25.99,28.66,28.71,29.75,28.97,29.51,28.7,m,Freestyle
"ZOMBORI, Gabor",2002,HUN,03:48.9,25.81,28.45,29.16,29.33,29.53,29.35,28.93,m,Freestyle
"MARKOS, Dimitrios",2001,GRE,03:49.2,26.74,28.62,28.81,29.03,29.09,29.49,29.32,m,Freestyle
"EGOROV, Aleksandr",2001,RUS,03:49.4,27.02,28.64,28.76,29.05,29.25,29.28,28.94,m,Freestyle
"GADGAARD, Mikkel",1999,DEN,03:49.9,26.64,29.2,28.9,28.87,28.57,29,29.29,m,Freestyle
"HOLLO, Balazs",1999,HUN,03:50.1,26.21,28.48,29.07,29.29,29.38,29.44,29.69,m,Freestyle
"BOUCHAUT, Joris",1995,FRA,03:50.5,26.89,28.86,28.96,29.32,28.99,29.25,29.32,m,Freestyle
"ASLAN, Yigit",2003,TUR,03:50.6,26.97,29.09,29,29.45,29.24,29.43,29.47,m,Freestyle
"KRASNYKH, Alexander",1995,RUS,03:50.8,26.97,28.71,29.12,29.11,29.04,29.27,29.4,m,Freestyle
"MILAK, Kristof",2000,HUN,03:51.6,26.17,28.29,29.47,29.13,29.45,29.63,30.1,m,Freestyle
"YANCHEV, Yordan",2001,BUL,03:51.8,27.25,29.45,29.42,29.71,29.09,29.37,29.16,m,Freestyle
"BAU, Martin",1994,SLO,03:51.9,27,29.44,29.15,29.64,29.27,29.3,29.38,m,Freestyle
"ANDERSEN, Christoffer H.",2002,DEN,03:52.3,26.78,28.99,29.26,29.64,29.53,29.79,29.8,m,Freestyle
"KROON, Luc",2001,NED,03:52.9,27.33,29.44,29.76,29.77,29.03,29.45,29.03,m,Freestyle
"BIRD, Kieran",1999,GBR,03:54.0,26.89,29.14,29.31,29.65,29.58,29.92,30.06,m,Freestyle
"KALMAR, Akos",2000,HUN,03:54.2,26.67,28.89,28.89,29.39,29.86,30.34,30.09,m,Freestyle
"HANSON, Robin",2001,SWE,03:54.5,26.28,29.38,29.55,29.8,29.62,30.48,30.36,m,Freestyle
"DURAN NAVIA, Miguel",1995,ESP,03:54.7,26.93,29.64,29.34,29.59,29.41,30.21,29.97,m,Freestyle
"SOLOVEYCHIK, Bar",2000,ISR,03:55.2,27.21,29.4,29.45,29.92,29.72,30.14,30.19,m,Freestyle
"BORODIN, Ilya",2003,RUS,03:55.5,26.56,28.75,29.77,30.01,30.66,30.7,30.32,m,Freestyle
"LINDHOLM, Oskar",2001,DEN,03:55.9,26.86,28.86,29.78,30.08,30.34,30.53,30.39,m,Freestyle
"GEMOV, Ondrej",1999,CZE,03:56.4,26.88,29.1,29.7,30.03,29.98,30.56,30.43,m,Freestyle
"ELLEGAARD, Arthur Dalen",2001,DEN,03:56.8,26.87,28.95,28.8,29.56,30.01,30.72,31.14,m,Freestyle
"MICKA, Jan",1995,CZE,03:57.6,26.83,29.68,29.97,30.64,29.81,30.45,30.62,m,Freestyle
"TURAN, Efe",2000,TUR,03:58.1,27.13,29.52,30.14,29.93,30,30.66,30.76,m,Freestyle
"STEMBERK, Jakub",2001,CZE,03:58.4,27.09,29.64,29.77,29.81,30.23,30.24,30.9,m,Freestyle
"UENLUE, Baturalp",2002,TUR,03:58.6,25.64,30.8,28.27,31.69,32.6,28.21,31.78,m,Freestyle
"POLIACIK, Jakub",2004,SVK,04:01.6,27.42,29.42,30.18,30.71,30.92,31.25,31.42,m,Freestyle
"KILAVUZ, Mert",2003,TUR,04:02.0,28.01,30.15,30.46,31,30.72,31,30.62,m,Freestyle
"NAMIR, Daniel",1997,ISR,04:02.4,26.73,29.61,30.1,30.13,30.5,31.68,31.99,m,Freestyle
"KRASNIQI, Arti",1999,KOS,04:03.4,27.43,29.85,30.56,30.78,31.52,31.64,31.3,m,Freestyle
"MOGIC, Marin",1999,CRO,04:03.7,27.23,29.1,29.96,30.57,31.43,31.75,32.11,m,Freestyle
"BIANCHI, Loris",2001,SMR,04:03.7,28.24,30.53,30.74,31.6,31.22,31.06,30.34,m,Freestyle
"BRANDENBURGER, Pit",1995,LUX,04:03.7,27.29,29.9,30.76,31.26,31.11,32.02,31.41,m,Freestyle
"JOENTVEDT, Jon",2003,NOR,04:03.9,25.76,28.4,29.79,31.07,31.89,32.15,32.81,m,Freestyle
"DERKOSKI, Filip",2000,MKD,04:04.1,28.26,30.08,30.64,31.05,30.86,31.12,31.29,m,Freestyle
"CACHIA, Dylan",2001,MLT,04:06.9,27.83,30.15,30.75,31.74,31.29,31.82,31.9,m,Freestyle
"ALEKSI, Franc",1998,ALB,04:11.4,28.56,30.69,31.91,32.1,31.72,32.75,32.64,m,Freestyle
"DRUENNE, Theo",2005,MON,04:15.2,29.25,31.36,31.73,32.38,32.38,32.9,32.93,m,Freestyle
"PALTRINIERI, Gregorio",1994,ITA,03:51.1,26.96,28.88,29.29,29.23,29.23,29.18,29.22,m,Freestyle
"ROMANCHUK, Mykhaylo",1996,UKR,03:51.7,27.27,28.79,29.22,29.07,29.35,29.38,29.34,m,Freestyle
"IPSEN, Anton Oerskov",1994,DEN,03:53.7,27.4,29.32,29.17,29.37,29.41,29.57,29.63,m,Freestyle
"FROLOV, Sergiy",1992,UKR,03:55.8,27.88,29.53,29.83,29.65,29.58,29.59,29.91,m,Freestyle
"LOPES, Jose Paulo",2000,POR,03:56.6,27.43,29.78,29.72,30.05,29.84,29.93,29.77,m,Freestyle
"ROMANCHUK, Mykhaylo",1996,UKR,03:53.7,27.6,29.25,29.4,29.44,29.46,29.46,29.51,m,Freestyle
"PALTRINIERI, Gregorio",1994,ITA,03:55.1,27.16,29.23,29.51,29.67,29.73,29.9,29.88,m,Freestyle
"RASOVSZKY, Kristof",1997,HUN,03:55.1,26.91,29.47,29.4,29.57,29.65,29.92,29.95,m,Freestyle
"IPSEN, Anton Oerskov",1994,DEN,03:55.2,27.68,29.18,29.83,29.79,29.66,29.6,29.79,m,Freestyle
"JOLY, Damien",1992,FRA,03:55.9,27.52,29.49,29.67,29.86,29.83,29.94,29.83,m,Freestyle
"FROLOV, Sergiy",1992,UKR,03:56.3,27.87,29.7,29.89,29.86,29.75,29.91,29.5,m,Freestyle
"WIFFEN, Daniel",2001,IRL,03:56.6,27.6,29.7,30.22,29.96,29.63,29.51,29.92,m,Freestyle
"NOERGAARD, Alexander Aslak",2000,DEN,03:56.7,27.18,29.21,29.44,29.88,30.06,30.09,30.38,m,Freestyle
"LOPES, Jose Paulo",2000,POR,03:57.1,27.32,29.84,29.74,30.19,30.05,30.16,29.97,m,Freestyle
"JERVIS, Daniel O",1996,GBR,03:57.3,27.16,29.32,29.93,30.08,29.97,30.13,30.26,m,Freestyle
"JOHANSSON, Victor",1998,SWE,03:57.4,28,29.62,29.88,29.74,29.9,29.97,30.21,m,Freestyle
"DRUZHININ, Ilya",1998,RUS,03:58.7,27.08,29.71,30.09,30.13,30.17,30.35,30.67,m,Freestyle
"GYURTA, Gergely",1991,HUN,04:00.1,27.56,29.78,30.29,30.22,30.5,30.36,30.71,m,Freestyle
"KOVACSICS, Mark",2002,HUN,04:00.2,27.23,30.05,30.1,30.33,30.39,30.63,30.52,m,Freestyle
"PUEBLA MARTINEZ, Alejandro",2002,ESP,04:00.4,27.57,29.83,30.22,30.15,30.32,30.49,30.83,m,Freestyle
"NEGRIS, Dimitrios",1998,GRE,04:00.7,27.83,29.88,30.26,30.41,30.49,30.66,30.57,m,Freestyle
"CELIC, Vuk",1996,SRB,04:00.8,27.09,29.7,29.88,30.33,30.77,30.72,31.15,m,Freestyle
"AUBRY, David",1996,FRA,04:04.6,28.11,30.56,30.66,30.94,30.72,30.82,31.19,m,Freestyle
"PALTRINIERI, Gregorio",1994,ITA,03:54.0,26.83,29.05,29.22,29.7,29.73,29.84,29.78,m,Freestyle
"ROMANCHUK, Mykhaylo",1996,UKR,03:54.4,28.22,29.6,29.58,29.5,29.36,29.44,29.34,m,Freestyle
"JERVIS, Daniel O",1996,GBR,03:57.5,27.66,29.56,30.16,30.08,29.83,30.08,30.07,m,Freestyle
"JOLY, Damien",1992,FRA,03:57.7,28.29,29.96,29.7,29.91,29.98,30.01,29.94,m,Freestyle
"ACERENZA, Domenico",1995,ITA,03:59.0,28.4,29.88,30.31,29.96,30.11,30.07,30.04,m,Freestyle
"ROMANCHUK, Mykhaylo",1996,UKR,03:58.8,28.48,30.02,30.18,30.07,30.19,30.05,29.9,m,Freestyle
"JOLY, Damien",1992,FRA,03:59.2,28.4,30.22,30.16,30.23,29.99,30.13,29.88,m,Freestyle
"NOERGAARD, Alexander Aslak",2000,DEN,03:59.3,28.13,30.27,30.42,30.29,30.14,30.21,30.03,m,Freestyle
"OLIVIER, Marc Antoine",1996,FRA,03:59.3,27.86,30.23,29.97,30.31,29.88,30.2,30.15,m,Freestyle
"JERVIS, Daniel O",1996,GBR,03:59.3,27.65,29.85,30.41,30.31,30.43,30.37,30.24,m,Freestyle
"GYURTA, Gergely",1991,HUN,03:59.8,27.3,30.36,30.1,30.41,30.13,30.6,30.07,m,Freestyle
"ACERENZA, Domenico",1995,ITA,04:00.2,28.18,30.43,30.42,30.28,30.42,30.14,30.12,m,Freestyle
"DRUZHININ, Ilya",1998,RUS,04:00.2,27.72,30.05,30.08,30.47,30.45,30.6,30.17,m,Freestyle
"FROLOV, Sergiy",1992,UKR,04:00.7,28.73,30.35,30.56,30.44,30.29,30.19,30.14,m,Freestyle
"CELIC, Vuk",1996,SRB,04:01.5,28.19,30.29,30.06,30.48,30.54,30.56,30.42,m,Freestyle
"PALTRINIERI, Gregorio",1994,ITA,04:01.7,28.58,30.19,30.68,30.59,30.34,30.58,30.49,m,Freestyle
"BETLEHEM, David",2003,HUN,04:01.7,28.02,30.32,30.53,30.55,30.59,30.56,30.63,m,Freestyle
"NEGRIS, Dimitrios",1998,GRE,04:03.3,28.37,30.77,30.61,30.6,30.5,30.73,30.68,m,Freestyle
"PUEBLA MARTINEZ, Alejandro",2002,ESP,04:04.4,27.93,31.02,30.9,30.79,30.79,30.92,30.86,m,Freestyle
"KOVACSICS, Mark",2002,HUN,04:06.6,28.07,30.67,30.86,31.36,31.5,31.45,31.35,m,Freestyle
"AUBRY, David",1996,FRA,04:08.7,29.08,31.32,31.38,31.42,31.52,31.26,31.41,m,Freestyle
"QUADARELLA, Simona",1998,ITA,04:04.7,29.02,30.86,31.12,31.23,31.13,31.04,30.88,f,Freestyle
"EGOROVA, Anna",1998,RUS,04:06.0,28.76,31.02,31.26,31.28,31.3,31.25,30.76,f,Freestyle
"KAPAS, Boglarka",1993,HUN,04:06.9,29.01,31.11,31.27,31.38,31.26,31.48,31.43,f,Freestyle
"KESELY, Ajna",2001,HUN,04:07.4,29.22,31.16,31.22,31.32,31.39,31.2,31.49,f,Freestyle
"BOECEKLER, Beril",2004,TUR,04:08.2,28.59,30.89,31.39,31.73,31.38,31.68,31.67,f,Freestyle
"HASSLER, Julia",1993,LIE,04:08.2,28.78,30.81,31.24,31.58,31.71,31.58,31.87,f,Freestyle
"TUNCEL, Merve",2005,TUR,04:11.0,28.97,31.03,31.66,31.95,31.73,32.09,31.93,f,Freestyle
"HIBBOTT, Holly",1999,GBR,04:11.5,28.77,31.21,31.66,31.7,31.78,32.26,32.29,f,Freestyle
"EGOROVA, Anna",1998,RUS,04:08.9,28.64,31.28,31.8,31.74,31.61,31.62,31.57,f,Freestyle
"KAPAS, Boglarka",1993,HUN,04:09.0,29.36,31.28,31.6,31.72,31.74,31.74,31.34,f,Freestyle
"QUADARELLA, Simona",1998,ITA,04:09.0,29.27,31.2,31.53,31.61,31.54,31.92,31.2,f,Freestyle
"KESELY, Ajna",2001,HUN,04:09.1,29.86,31.01,31.34,31.6,31.56,31.53,31.51,f,Freestyle
"TUNCEL, Merve",2005,TUR,04:09.4,29.24,30.98,31.51,31.54,31.7,31.86,31.71,f,Freestyle
"BOECEKLER, Beril",2004,TUR,04:09.5,29.15,31.32,31.79,31.67,31.68,31.63,31.67,f,Freestyle
"HIBBOTT, Holly",1999,GBR,04:10.1,29.21,31.44,31.78,31.59,31.68,31.95,31.61,f,Freestyle
"HASSLER, Julia",1993,LIE,04:10.7,29.19,31.42,31.86,31.83,31.73,31.78,31.81,f,Freestyle
"BACH, Helena Rosendahl",2000,DEN,04:11.8,28.66,30.86,31.23,32.08,31.84,32.38,32.62,f,Freestyle
"WILLMOTT, Aimee",1993,GBR,04:12.8,30.07,31.8,32.31,32.19,31.55,31.77,31.52,f,Freestyle
"FABIAN, Bettina",2004,HUN,04:13.8,29.6,31.43,31.44,31.95,31.65,32.21,33.11,f,Freestyle
"GORIS, Lotte",2000,BEL,04:14.1,29.45,31.72,31.99,32.6,32.3,32.48,32.46,f,Freestyle
"OLIVIER, Monique",1998,LUX,04:14.2,29.04,31.48,31.71,32.14,32.47,32.6,32.36,f,Freestyle
"KIRPICHNIKOVA, Anastasia",2000,RUS,04:14.5,29.91,31.67,31.89,32.14,32.24,32.45,32.55,f,Freestyle
"NEUMANN, Robin",1997,NED,04:14.7,29.11,31.44,31.92,32.53,32.44,32.55,32.61,f,Freestyle
"JONG de, Imani",2002,NED,04:15.2,29.11,32.05,32.34,32.55,32.81,32.74,32.49,f,Freestyle
"ERTAN, Deniz",2004,TUR,04:15.4,29.69,31.81,32.31,32.45,32.63,32.72,32.57,f,Freestyle
"GAILLI, Sara",2001,ITA,04:15.5,29.61,31.69,31.81,32.43,32.24,32.71,32.65,f,Freestyle
"HANSEN, Marina Heller",1994,DEN,04:15.6,29.97,31.9,32.39,32.61,32.24,32.81,32.54,f,Freestyle
"PEREZ BLANCO, Jimena",1997,ESP,04:15.7,29.79,32.28,32.37,32.24,32,32.54,32.54,f,Freestyle
"FOOS, Reva",1993,GER,04:15.7,29.65,31.61,31.88,32.09,32.16,32.73,32.83,f,Freestyle
"DUMONT, Valentine",2000,BEL,04:15.7,29.23,31.55,32.14,32.57,32.38,32.82,33.01,f,Freestyle
"FABIAN, Fanni",2002,HUN,04:15.9,29.41,31.67,31.97,32.47,31.59,32.82,32.95,f,Freestyle
"CARAMIGNOLI, Martina Rita",1991,ITA,04:16.5,30.62,32.19,32.26,32.45,32.23,32.54,32.37,f,Freestyle
"POLANSKA, Aleksandra",2000,POL,04:16.8,29.51,32.27,32.32,32.41,32.38,32.84,33.03,f,Freestyle
"VAN SELM, Tamryn",2004,GBR,04:17.1,30.12,32.4,32.7,32.9,32.41,32.48,32.34,f,Freestyle
"HOLKENBORG, Silke",2001,NED,04:17.7,30.01,32.42,32.67,32.83,32.21,32.8,32.58,f,Freestyle
"FAIN, Katja",2001,SLO,04:18.4,28.89,31.67,32.18,32.88,33.15,33.69,33.47,f,Freestyle
"HUFNAGL, Claudia",1996,AUT,04:18.6,30.04,32.46,32.77,32.75,32.98,33.09,32.83,f,Freestyle
"BENKOVA, Laura",2000,SVK,04:21.0,29.62,32.57,33.16,33.55,33.57,33.96,32.87,f,Freestyle
"SUMAJSTORCIC, Matea",1999,CRO,04:23.0,30.99,32.68,32.86,33.39,32.86,33.46,33.56,f,Freestyle
"TUSEK, Dasa",2003,SLO,04:23.4,30.53,32.27,33.19,33.39,33.78,34,33.95,f,Freestyle
"JORUNNARDOTTIR, Snaefridu",2000,ISL,04:23.5,29.67,32.32,33.19,33.41,33.5,34.17,34.22,f,Freestyle
"GATT, Sasha",2005,MLT,04:24.9,29.6,32.5,33.46,33.81,34.17,34.24,34.12,f,Freestyle
"TARASIEWICZ, Klaudia",2004,POL,04:25.3,30,32.25,33.02,33.84,33.66,34.59,34.05,f,Freestyle
"ALKARAMOVA, Fatima",2002,AZE,04:25.4,30.73,32.48,33.06,33.44,33.42,33.92,33.86,f,Freestyle
"KNOP, Aleksandra",2003,POL,04:26.7,29.4,32.88,33.63,33.39,33.88,34.29,34.74,f,Freestyle
"SPEHAR, Nika",2004,CRO,04:28.8,31.2,33.66,33.44,33.91,34.17,34.41,34.4,f,Freestyle
"BAIKOVA, Arina",2000,LAT,04:29.0,29.89,32.88,33.17,33.88,34.01,34.52,35.33,f,Freestyle
"CIBULKOVA, Martina",2003,SVK,04:32.9,28.48,30.93,32.65,33.18,35.28,36.43,39.21,f,Freestyle
"ZEQIRI, Eda",2004,KOS,04:40.1,31.51,34.45,34.98,36.44,35.16,36.72,35.5,f,Freestyle
"ROCK, Katie",2003,ALB,04:40.8,31.96,34.54,34.96,35.74,36.02,36.18,36.21,f,Freestyle
"BUDIMA, Era",2007,KOS,04:53.4,32.65,35.8,37.14,37.59,37.66,38.14,37.5,f,Freestyle
"KIRPICHNIKOVA, Anastasia",2000,RUS,04:10.4,29.55,31.25,31.67,31.46,31.65,31.52,31.68,f,Freestyle
"CARAMIGNOLI, Martina Rita",1991,ITA,04:13.3,29.83,31.3,31.66,31.89,32.02,32.04,32.46,f,Freestyle
"DE VALDES ALVAREZ, Maria",1998,ESP,04:13.4,29.84,31.38,31.84,31.68,31.83,31.91,32.25,f,Freestyle
"CARAMIGNOLI, Martina Rita",1991,ITA,04:14.2,30.37,31.89,31.97,31.95,31.99,31.88,32,f,Freestyle
"KAHLER, Marlene",2001,AUT,04:16.3,30.04,32.42,32.06,32.22,32.3,32.29,32.54,f,Freestyle
"DE VALDES ALVAREZ, Maria",1998,ESP,04:16.4,30.17,31.85,32.25,32.38,32.51,32.27,32.46,f,Freestyle
"HOLUB, Tamila Hryhorivna",1999,POR,04:16.5,30.38,31.81,32.04,32.16,32.25,32.3,32.58,f,Freestyle
"DURAES, Diana Margarida",1996,POR,04:20.0,30.62,32.4,32.71,32.75,32.81,32.82,32.93,f,Freestyle
"TUSEK, Dasa",2003,SLO,04:22.8,30.31,32.42,32.86,32.82,33.26,33.56,33.72,f,Freestyle
"GAL, Kincso",2003,HUN,04:24.2,30.82,32.5,32.98,32.76,33.37,33.51,34.16,f,Freestyle
"VALLONI, Arianna",2001,SMR,04:25.9,31.62,32.96,33.16,33.44,33.6,33.75,33.66,f,Freestyle
"BOSNJAK, Klara",2004,CRO,04:26.2,30.73,32.72,33.3,33.93,33.56,34.01,33.79,f,Freestyle
"RYPESTOEL, Malene",2001,NOR,04:28.2,30.31,32.93,33.3,33.65,34.62,34.13,34.39,f,Freestyle
"VAS, Luca",2000,HUN,04:29.5,30.64,33.02,33.56,34.04,34.29,34.39,34.85,f,Freestyle
"TANRIVERDI, Ece",2004,TUR,04:32.0,32.55,34.31,34.47,34.16,34.37,34.17,33.97,f,Freestyle
"ENKNER, Johanna",2000,AUT,04:32.2,32.3,33.93,34.53,34.4,34.34,34.26,34.11,f,Freestyle
"HRSTO, Iva",2004,CRO,04:32.8,31.8,33.82,34.29,34.35,34.28,34.82,34.39,f,Freestyle
"KIRPICHNIKOVA, Anastasia",2000,RUS,04:13.8,29.76,31.87,31.89,31.91,31.96,32.05,32.25,f,Freestyle
"CARAMIGNOLI, Martina Rita",1991,ITA,04:13.8,29.93,31.8,31.66,31.81,31.85,32.3,32.22,f,Freestyle
"MIHALYVARI FARKAS, Viktoria",2003,HUN,04:15.8,30.42,31.93,32.36,32.27,32.36,32.24,32.12,f,Freestyle
"DE VALDES ALVAREZ, Maria",1998,ESP,04:16.6,30.89,32.06,32.19,32.32,32.33,32.28,32.52,f,Freestyle
"HOLUB, Tamila Hryhorivna",1999,POR,04:17.9,30.31,32.06,32.52,32.51,32.64,32.63,32.59,f,Freestyle
"DE VALDES ALVAREZ, Maria",1998,ESP,04:18.6,30.72,32.45,32.58,32.72,32.62,32.5,32.58,f,Freestyle
"HOLUB, Tamila Hryhorivna",1999,POR,04:18.9,30.81,32.62,32.89,32.59,32.55,32.64,32.47,f,Freestyle
"MIHALYVARI FARKAS, Viktoria",2003,HUN,04:19.8,30.98,32.8,32.91,32.66,32.7,32.67,32.48,f,Freestyle
"KAHLER, Marlene",2001,AUT,04:21.7,30.65,33.26,32.76,33.08,32.88,33.03,33.03,f,Freestyle
"DURAES, Diana Margarida",1996,POR,04:21.7,30.79,32.74,33.06,32.95,33.12,32.98,33.2,f,Freestyle
"PIECHOTA, Paulina",1999,POL,04:23.3,31.12,33.3,33.09,33.02,33.08,33.16,33.23,f,Freestyle
"CSULAK, Lia",2005,HUN,04:24.2,30.65,32.96,33.33,33.38,33.42,33.56,33.44,f,Freestyle
"BOSNJAK, Klara",2004,CRO,04:24.6,30.7,32.49,33.29,33.65,33.55,33.8,33.59,f,Freestyle
"ENKNER, Johanna",2000,AUT,04:26.4,31.69,33.38,33.4,33.67,33.41,33.58,33.49,f,Freestyle
"VALLONI, Arianna",2001,SMR,04:27.1,31.85,33.51,33.44,33.67,33.6,33.69,33.66,f,Freestyle
"OLASZ, Anna",1993,HUN,04:27.5,31.69,33.48,33.74,33.72,33.79,33.78,33.58,f,Freestyle
"FILIZ, Batuhan",2004,TUR,03:50.7,27.31,29.18,29.48,29.6,29.53,29.34,29.07,m,Freestyle
"LEKIC, Jovan",2003,BIH,03:50.8,26.43,29.53,29.58,29.78,29.77,29.67,28.15,m,Freestyle
"KOUTNY, David",2003,CZE,03:51.1,26.79,29.25,29.02,29.75,28.93,29.44,29.17,m,Freestyle
"JOENTVEDT, Jon",2003,NOR,03:51.5,26.69,29.01,29.41,29.79,29.31,29.91,29.18,m,Freestyle
"PERCINIC, Karlo",2004,CRO,03:52.4,27.33,29.6,29.74,29.74,29.29,29.42,29.07,m,Freestyle
"STANCU, Vlad",2005,ROU,03:53.1,27.17,29.47,29.57,29.6,29.34,29.83,29.48,m,Freestyle
"ASLAN, Yigit",2003,TUR,03:53.6,26.92,29.03,29.49,29.67,29.78,29.91,29.5,m,Freestyle
"WINKLER, Kiran",2004,GER,03:55.4,26.8,29.09,29.89,29.9,29.76,30.29,29.9,m,Freestyle
"FILIZ, Batuhan",2004,TUR,03:51.6,27.29,29.05,29.49,29.67,29.29,29.48,29.2,m,Freestyle
"LEKIC, Jovan",2003,BIH,03:51.6,26.33,29.68,29.91,29.84,29.5,29.61,29.3,m,Freestyle
"ASLAN, Yigit",2003,TUR,03:52.3,26.79,29.2,29.69,29.86,29.82,29.65,29.58,m,Freestyle
"JOENTVEDT, Jon",2003,NOR,03:52.5,26.55,28.37,28.93,29.05,29.27,29.78,30.23,m,Freestyle
"STANCU, Vlad",2005,ROU,03:53.2,27.07,29.34,29.65,30.11,29.22,29.79,29.76,m,Freestyle
"PERCINIC, Karlo",2004,CRO,03:53.4,27.68,29.4,29.28,29.4,29.12,29.71,29.96,m,Freestyle
"KOUTNY, David",2003,CZE,03:54.3,26.61,29.61,29.69,30.1,29.39,29.88,29.54,m,Freestyle
"WINKLER, Kiran",2004,GER,03:54.3,27.18,29.05,29.55,29.86,29.33,30.02,29.9,m,Freestyle
"CHMIELEWSKI, Krzysztof",2004,POL,03:54.8,27,29.33,29.58,29.75,29.5,29.87,30.03,m,Freestyle
"KACHRIS, Alexandros",2003,GRE,03:55.0,26.94,29.53,29.87,30.04,29.66,29.82,29.78,m,Freestyle
"GALOSSI, Lorenzo",2006,ITA,03:55.2,27.14,29.13,29.74,29.91,29.92,30.04,30.15,m,Freestyle
"SARKANY, Zalan",2003,HUN,03:55.8,26.91,29.15,29.84,30.02,30.3,30.2,30.49,m,Freestyle
"BETH, Silas",2003,GER,03:56.2,26.94,29.28,29.83,30.3,29.99,30.44,30.32,m,Freestyle
"AHDUT, Yonatan",2003,ISR,03:57.0,27.89,29.59,29.97,30.52,29.84,30.16,30.04,m,Freestyle
"DASZKIEWICZ, Michal",2003,POL,03:57.1,27.62,29.68,30.05,30.23,29.94,30.05,29.95,m,Freestyle
"DEIGHAN, Joseph",2003,GBR,03:58.0,27.57,29.41,29.43,30.3,30.06,30.65,30.76,m,Freestyle
"KOSENKOV, Daniil",2004,RUS,03:58.1,26.97,29.3,30.44,29.91,30.87,30.08,31.03,m,Freestyle
"ZACHARIADIS, Konstantinos",2004,GRE,03:58.6,27.57,29.39,30.13,30.43,30.38,30.4,30.74,m,Freestyle
"WALTER, Jakub",2004,POL,03:58.6,26.97,30.01,30.38,30.59,30.51,30.77,30.33,m,Freestyle
"MESZAROS, Daniel",2004,HUN,03:59.8,26.68,29.7,29.94,30.29,30.38,30.73,31.3,m,Freestyle
"ALOVATKI, Pavel",2003,MDA,04:00.0,27.34,30.49,30.65,31.14,30.15,30.82,29.87,m,Freestyle
"CSICSAKY, Peter",2003,HUN,04:00.1,27.46,29.96,30.29,30.77,30.5,31.11,30.52,m,Freestyle
"MOLDON, Ilya",2004,RUS,04:00.2,26.74,30.92,30.8,31.17,30.45,30.79,29.93,m,Freestyle
"LINDHOLM, Frederik",2004,DEN,04:00.7,27.47,29.37,30.13,30.66,30.67,31.27,30.86,m,Freestyle
"BANJAC, Danilo",2004,SRB,04:00.9,27.62,30.03,30.19,30.61,30.43,31.21,30.33,m,Freestyle
"NIEDERBERGER, Paul",2004,SUI,04:01.0,26.93,30.18,30.65,31.11,30.92,30.86,31.04,m,Freestyle
"RIBEIRO, Gustavo Carvalhais",2003,POR,04:01.4,27.62,29.55,30.06,31.04,30.73,30.95,31,m,Freestyle
"HAIMI, Lassi",2003,FIN,04:01.5,27.43,29.46,30.12,30.73,30.79,30.71,31.3,m,Freestyle
"LANYI, Filip",2003,SVK,04:01.9,26.98,29.78,30.18,30.59,30.56,30.9,31.59,m,Freestyle
"CIGIC, Filip",2003,CRO,04:02.2,27.8,30.34,31,30.66,30.95,30.52,30.96,m,Freestyle
"POLIACIK, Jakub",2004,SVK,04:02.3,27.13,30.13,30.8,30.88,30.81,31.33,30.71,m,Freestyle
"PEREZ MANAS, Adrian",2003,ESP,04:02.4,27.69,29.7,29.64,30.18,30.21,31.56,32.21,m,Freestyle
"CHIKNAIKIN, Aleksandr",2003,RUS,04:02.5,27.28,29.45,30.51,30.38,30.71,31.13,31.51,m,Freestyle
"YILDIRIM, Umut",2004,TUR,04:04.2,28.54,30.17,30.72,30.75,30.71,30.89,31.44,m,Freestyle
"TUMANOFF, Lari",2003,FIN,04:04.3,27.61,30.55,31.2,31.46,31.11,32.02,31.04,m,Freestyle
"KOVACS, Attila",2004,HUN,04:04.6,27.84,30.62,30.91,30.94,31.19,31.46,31.63,m,Freestyle
"PUSNIK, Jaka",2003,SLO,04:05.9,27.19,29.86,30.84,31.54,30.89,31.26,32.15,m,Freestyle
"DIKACZ, Bence",2004,SVK,04:06.0,28.18,30.45,30.86,31.52,31.09,31.9,31.14,m,Freestyle
"KANTSER, Yahor",2003,BLR,04:07.0,27.55,30.5,30.74,31.73,31.1,31.98,32.08,m,Freestyle
"WOODS, Thomas Gabriel",2004,MLT,04:14.7,28.13,31.16,31.86,32.28,32.55,32.6,33.05,m,Freestyle
"KILAVUZ, Mert",2003,TUR,03:56.5,27.52,29.63,30.12,29.92,29.94,29.89,29.83,m,Freestyle
"DE TULLIO, Luca",2003,ITA,03:59.5,27.75,29.82,30.1,30.34,30.41,30.32,30.3,m,Freestyle
"PESCHLOW, Levin",2004,GER,04:00.3,27.18,29.74,30.56,30.18,30.68,30.56,30.89,m,Freestyle
"KILAVUZ, Mert",2003,TUR,03:59.1,27.86,29.86,30.28,30.28,30.37,30.34,30.01,m,Freestyle
"DE TULLIO, Luca",2003,ITA,04:01.6,27.52,29.75,30.63,30.84,30.79,30.79,30.75,m,Freestyle
"PESCHLOW, Levin",2004,GER,04:02.5,27.19,30.12,30.66,30.92,30.84,30.88,30.76,m,Freestyle
"GIORDANO, Pasquale",2004,ITA,04:04.1,28.35,30.25,30.51,30.92,31.05,31.17,30.84,m,Freestyle
"DRUENNE, Theo",2005,MON,04:18.5,29.92,32.06,32.54,32.51,32.75,32.89,32.85,m,Freestyle
"KILAVUZ, Mert",2003,TUR,03:59.3,27.77,30.06,30.27,30.12,30.16,30.35,30.33,m,Freestyle
"STEPANOV, Aleksandr",2003,RUS,04:00.6,28.26,30.19,30.57,30.65,30.43,30.34,30.15,m,Freestyle
"BETLEHEM, David",2003,HUN,04:00.7,28.41,30.32,30.42,30.55,30.31,30.25,30.2,m,Freestyle
"BETLEHEM, David",2003,HUN,03:59.3,27.92,29.87,30.16,30.03,30.09,30.28,30.52,m,Freestyle
"STEPANOV, Aleksandr",2003,RUS,04:02.2,28.74,30.12,30.67,30.66,30.57,30.61,30.4,m,Freestyle
"KILAVUZ, Mert",2003,TUR,04:06.4,28.46,30.73,31.42,31.07,31.25,31.31,31.13,m,Freestyle
"PESCHLOW, Levin",2004,GER,04:06.6,28.07,30.57,31.3,31.49,31.21,30.94,31.34,m,Freestyle
"GIORDANO, Pasquale",2004,ITA,04:09.3,29.12,31.24,31.27,31.87,31.39,31.59,31.33,m,Freestyle
"TUNCEL, Merve",2005,TUR,04:06.3,28.76,30.46,31.24,31.24,31.35,31.24,31.44,f,Freestyle
"FABIAN, Bettina",2004,HUN,04:10.2,29.19,30.71,31.31,31.43,31.19,31.56,32.6,f,Freestyle
"VETRANO, Giulia",2005,ITA,04:12.2,29.17,31.32,31.81,31.65,32.3,32.12,32.41,f,Freestyle
"BOECEKLER, Beril",2004,TUR,04:14.4,29.14,30.7,31.84,32.3,32.78,33.2,32.95,f,Freestyle
"ANGELOVA, Zhanet",2004,BUL,04:15.6,29.71,31.83,32.38,32.87,32.23,32.63,32.26,f,Freestyle
"OTERO FERNANDEZ, Paula",2004,ESP,04:15.8,29.7,31.96,32.11,32.27,32.92,32.81,33,f,Freestyle
"MAERTENS, Leonie",2004,GER,04:17.1,29.32,31.8,32.69,33,33,33.06,32.87,f,Freestyle
"LECLERCQ, Valentine",2005,FRA,04:21.4,30.14,31.91,32.65,32.81,33.41,33.7,33.95,f,Freestyle
"TUNCEL, Merve",2005,TUR,04:12.2,29.52,31.44,31.85,31.98,31.85,32.22,31.92,f,Freestyle
"FABIAN, Bettina",2004,HUN,04:14.3,29.83,31.48,32.4,32.83,32.35,32.52,32.07,f,Freestyle
"BOECEKLER, Beril",2004,TUR,04:14.5,29.46,31.4,32.61,32.78,32.39,32.57,32.38,f,Freestyle
"VETRANO, Giulia",2005,ITA,04:14.6,29.54,31.56,32.1,32.47,32.53,32.56,32.45,f,Freestyle
"OTERO FERNANDEZ, Paula",2004,ESP,04:16.8,29.92,32.13,32.55,32.74,32.8,32.78,32.97,f,Freestyle
"MAERTENS, Leonie",2004,GER,04:16.9,29.34,31.83,32.41,32.8,33.06,33.22,33.38,f,Freestyle
"LECLERCQ, Valentine",2005,FRA,04:17.9,30.37,32.02,32.35,32.88,32.54,32.77,32.65,f,Freestyle
"ANGELOVA, Zhanet",2004,BUL,04:18.1,30.37,32.43,32.86,32.97,32.56,32.97,32.46,f,Freestyle
"MARTINEZ GUILLEN, Angela",2004,ESP,04:19.2,29.98,32.31,32.75,33.03,33.38,33.22,33.55,f,Freestyle
"LAMBERTI, Noemi",2004,ITA,04:19.2,29.93,31.92,32.45,32.55,32.77,33.12,33.58,f,Freestyle
"COLBERT, Freya",2004,GBR,04:19.8,29.78,32.19,32.76,33.13,33.03,33.14,33.3,f,Freestyle
"KHAILOVA, Aleksandra",2004,RUS,04:20.1,30.2,32.63,33.25,33.23,33.03,33.03,32.99,f,Freestyle
"AKINCHYTS, Alesia",2004,BLR,04:20.3,30.26,32.54,32.97,33.24,32.61,33.09,32.53,f,Freestyle
"ABRAHAM, Lilla Minna",2006,HUN,04:20.6,29.22,33.15,33.33,34.27,32.41,33.81,32.22,f,Freestyle
"REPEKA, Katsiaryna",2005,BLR,04:21.0,29.72,32.13,32.74,33.76,33.42,33.85,33.51,f,Freestyle
"MARTIN DE LA TORRE, Gabriela",2004,ESP,04:21.3,29.98,32.46,32.86,33.23,33.16,33.1,33.46,f,Freestyle
"SANTULIANA, Nicole",2005,ITA,04:21.7,29.75,32.44,33.08,33.47,33.07,33.53,33.17,f,Freestyle
"TARASIEWICZ, Klaudia",2004,POL,04:21.8,30.06,32.16,32.97,33,33.45,33.49,33.9,f,Freestyle
"KUDRIAVTSEVA, Alexandra",2004,RUS,04:22.9,29.8,32.44,32.86,33.29,33.44,33.75,34.43,f,Freestyle
"SEIFERT, Lara",2004,GER,04:23.2,30.43,32.88,33.05,33.45,33.16,33.52,33.79,f,Freestyle
"SPRLAKOVA-ZMOROVA, Olivia Ana",2005,SVK,04:23.9,30.45,33.48,33.98,33.9,33.4,33.49,33.28,f,Freestyle
"SARATOVA, Anastasiia",2006,RUS,04:25.0,29.6,32.87,33.67,33.79,33.93,34.46,34.32,f,Freestyle
"HAELL, Thilda",2005,SWE,04:25.0,30.01,33.18,33.76,33.8,33.93,33.96,33.72,f,Freestyle
"OEZKAZANC, Sila",2004,TUR,04:25.3,30.08,33.14,33.23,34.42,33.72,34.22,33.6,f,Freestyle
"VAN SELM, Tamryn",2004,GBR,04:25.4,30.11,32.91,32.87,33.57,33.66,34.31,34.71,f,Freestyle
"HAKKARAINEN, Ada",2005,FIN,04:25.6,30.91,32.98,33.1,33.52,33.3,33.86,34.4,f,Freestyle
"GUSC, Wiktoria",2004,POL,04:25.6,30.03,32.63,33.4,33.65,33.97,33.97,34.32,f,Freestyle
"CULIBRK, Tea",2004,SRB,04:25.9,29.72,32.4,33.5,33.96,34.68,34.27,34.12,f,Freestyle
"STJERNHOLM, Liva",2004,DEN,04:26.0,30.07,33.01,33.29,33.98,33.96,34.08,34.05,f,Freestyle
"NAESS, Hanne Stamnesfet",2004,NOR,04:27.4,30.99,33,33.88,34.1,34.24,34.24,33.97,f,Freestyle
"FREIMANN, Noemi",2005,SUI,04:27.8,30.38,33.25,34.38,34.4,34.02,34.24,34.22,f,Freestyle
"SOERENSEN, Viktoria Freja",2004,DEN,04:27.8,29.36,32.13,33.93,34.43,34.94,34.65,34.62,f,Freestyle
"BOSNJAK, Klara",2004,CRO,04:28.0,30.49,32.87,33.57,34.72,33.88,34.51,34.33,f,Freestyle
"LOJEWSKI, Isabella",2004,POL,04:28.3,31,32.83,33.48,33.86,33.72,34.21,34.74,f,Freestyle
"BLANKE, Marlene",2004,GER,04:28.4,30.09,32.57,33.84,33.89,34.19,34.75,35.02,f,Freestyle
"SHWARTZ, Omer",2006,ISR,04:28.6,30.31,32.55,33.12,33.87,34.87,34.85,35.23,f,Freestyle
"GYURINOVICS, Lili",2005,HUN,04:29.5,29.81,32.99,33.47,34.59,33.91,35.01,35.84,f,Freestyle
"AVDIC, Iman",2007,BIH,04:30.1,29.72,32.24,33.39,34.29,35.19,35.87,35.05,f,Freestyle
"KULIK, Julia",2005,POL,04:30.4,30.23,33.07,33.82,34.84,34.39,34.97,35.65,f,Freestyle
"STATKEVICIUS, Sylvia",2007,LTU,04:30.4,30.48,33.98,34.38,35.04,34.83,35.34,33.99,f,Freestyle
"KASVIO, Louna",2006,FIN,04:30.8,30.77,34.46,34.36,35.42,34.08,34.97,34.23,f,Freestyle
"HAKONARDOTTIR, Kristin Helga",2004,ISL,04:31.1,30.73,33.83,34.8,35.13,34.73,34.78,34.19,f,Freestyle
"JOMINET, Lou",2005,LUX,04:31.4,30.76,33.81,34.14,35.16,35.01,34.98,34.86,f,Freestyle
"BIRKISDOTTIR, Freyja",2006,ISL,04:31.6,30.14,33.33,34.84,34.81,35.23,35.17,35.19,f,Freestyle
"MARCUN, Mojca",2006,SLO,04:32.1,30.31,33.66,34.12,34.38,34.95,35.6,35.28,f,Freestyle
"HRSTO, Iva",2004,CRO,04:34.2,31.29,33.75,34.81,34.85,34.6,35.17,35.02,f,Freestyle
"ROMANOVSKAJA, Marija",2006,LTU,04:41.1,30.64,35.1,36.12,36.68,35.47,36.94,36.06,f,Freestyle
"DANDE, Sara",2005,ALB,04:41.3,31.98,35.07,35.53,36.18,35.81,36.34,36.07,f,Freestyle
"XHEMOLLARI, Vivian",2006,ALB,04:41.9,31.35,34.51,35.59,36.32,36.11,36.58,36.45,f,Freestyle
"BOECEKLER, Beril",2004,TUR,04:11.7,29.36,31.1,31.44,31.43,31.66,31.94,32.35,f,Freestyle
"ERTAN, Deniz",2004,TUR,04:19.8,30.19,32.14,33.07,32.76,33.27,32.68,32.98,f,Freestyle
"WENSKE, Fabienne",2004,GER,04:23.9,30.67,32.59,32.93,33.37,33.27,33.46,33.83,f,Freestyle
"DYSON, Ella",2004,GBR,04:24.3,30.92,32.93,33.19,33.37,33.28,33.54,33.38,f,Freestyle
"VIGANO', Renata",2005,ITA,04:25.8,31,33.08,33.28,33.51,33.86,33.29,34.04,f,Freestyle
"FRANQUINET, Ambre",2004,BEL,04:26.4,30.14,33.15,33.61,33.95,33.57,33.87,33.93,f,Freestyle
"GATT, Sasha",2005,MLT,04:26.8,30.23,33.42,33.58,34,33.65,33.96,33.48,f,Freestyle
"BOSNJAK, Klara",2004,CRO,04:27.8,30.89,33.04,33.58,33.97,33.93,34.1,33.87,f,Freestyle
"HENVEAUX, Camille",2006,BEL,04:27.9,31.37,32.68,33.75,33.68,33.82,33.8,34.28,f,Freestyle
"MARCUN, Mojca",2006,SLO,04:29.3,30.1,32.93,34.17,33.85,34.41,34.44,34.72,f,Freestyle
"SPEHAR, Nika",2004,CRO,04:31.4,31.21,33.47,33.9,34.38,34.38,34.63,34.6,f,Freestyle
"ERTAN, Deniz",2004,TUR,04:16.4,29.67,31.94,32.68,32.3,32.53,32.36,32.47,f,Freestyle
"GATT, Sasha",2005,MLT,04:22.8,30.52,33.14,33.26,33.24,33.03,33.16,33.11,f,Freestyle
"ERTAN, Deniz",2004,TUR,04:17.8,29.73,32.1,32.65,32.56,32.79,32.67,32.67,f,Freestyle
"DYSON, Ella",2004,GBR,04:26.9,30.93,33.19,33.28,33.63,33.75,34.02,33.83,f,Freestyle
"GATT, Sasha",2005,MLT,04:27.3,30.83,33.01,33.74,33.85,33.95,33.82,33.99,f,Freestyle
"TANRIVERDI, Ece",2004,TUR,04:27.8,31.71,33.66,33.98,34.02,33.64,33.59,33.63,f,Freestyle
"WENSKE, Fabienne",2004,GER,04:29.3,31.22,33.14,33.84,33.9,34.28,34.2,34.42,f,Freestyle
"VIGANO', Renata",2005,ITA,04:30.6,31.71,34.29,34,34.59,33.66,34.32,34.04,f,Freestyle
"CSULAK, Lia",2005,HUN,04:31.3,31.27,33.6,34.45,34.38,34.78,34.19,34.6,f,Freestyle
"TANRIVERDI, Duru",2004,TUR,04:33.8,31.89,34.37,34.46,34.45,34.53,34.92,34.3,f,Freestyle
"HORTON, Mack",1996,AUS,03:41.6,26.05,28.01,28.74,28.39,28.55,28.27,27.39,m,Freestyle
"SUN, Yang",1991,CHN,03:41.7,26.49,28.03,28.5,28.65,28.19,28.2,27.48,m,Freestyle
"DETTI, Gabriele",1994,ITA,03:43.5,26.27,28.4,28.46,28.71,28.34,28.64,28.01,m,Freestyle
"DWYER, Conor",1989,USA,03:44.0,25.79,28.14,28.49,28.75,28.45,28.47,28.13,m,Freestyle
"JAEGER, Connor L",1991,USA,03:44.2,25.96,28.27,28.48,28.84,28.32,28.41,28.17,m,Freestyle
"GUY, James",1995,GBR,03:44.7,25.87,27.83,28.29,28.24,28.8,28.76,28.96,m,Freestyle
"MCKEON, David",1992,AUS,03:45.3,25.67,28.47,28.47,28.99,28.52,28.8,28.33,m,Freestyle
"POTHAIN, Jordan",1994,FRA,03:49.1,26.2,27.7,28.84,28.66,29.69,29.27,29.79,m,Freestyle
"DWYER, Conor",1989,USA,03:43.4,25.64,28.31,28.25,28.61,28.33,28.25,28.01,m,Freestyle
"HORTON, Mack",1996,AUS,03:43.8,25.82,28,28.36,28.67,28.1,28.79,28.54,m,Freestyle
"DETTI, Gabriele",1994,ITA,03:44.0,26,28.02,28.39,28.63,28.38,28.35,28.34,m,Freestyle
"SUN, Yang",1991,CHN,03:44.2,26.31,28.27,28.29,28.52,28.93,28.79,28.01,m,Freestyle
"MCKEON, David",1992,AUS,03:44.7,25.77,28,28.47,28.44,28.76,28.67,28.86,m,Freestyle
"GUY, James",1995,GBR,03:45.3,25.84,27.74,28.47,28.73,28.67,28.7,28.93,m,Freestyle
"JAEGER, Connor L",1991,USA,03:45.4,26.38,28.34,28.41,28.58,28.56,28.89,28.43,m,Freestyle
"POTHAIN, Jordan",1994,FRA,03:45.4,25.98,27.88,28.27,28.31,28.68,28.29,28.98,m,Freestyle
"VOGEL, Florian",1994,GER,03:45.5,26.39,28.61,28.57,28.86,28.43,28.57,28.02,m,Freestyle
"PARK, Tae-Hwan",1989,KOR,03:45.6,26.13,28.61,28.55,28.81,28.43,29.02,28.58,m,Freestyle
"COCHRANE, Ryan",1988,CAN,03:45.8,26.56,27.98,28.39,28.65,29.13,29.08,28.47,m,Freestyle
"BROWN, Devon M",1992,RSA,03:45.9,25.96,27.67,27.79,28.69,28.51,29.26,29.02,m,Freestyle
"MILNE, Stephen",1994,GBR,03:46.0,26.35,28.36,28.39,28.91,28.77,28.93,28.4,m,Freestyle
"STJEPANOVIC, Velimir",1993,SRB,03:46.8,25.49,28.14,29.04,29.16,29.14,29.11,28.92,m,Freestyle
"KRASNYKH, Alexander",1995,RUS,03:47.4,26.39,28.14,28.58,28.79,28.66,28.9,29.1,m,Freestyle
"ELKAMESH, Marwan",1993,EGY,03:47.4,25.43,27.78,28.56,29.09,29.02,29.21,29.62,m,Freestyle
"CHRISTIANSEN, Henrik",1996,NOR,03:47.9,27.16,28.29,28.72,28.68,29.15,28.77,29.07,m,Freestyle
"BRZOSKOWSKI, Maarten",1995,NED,03:48.0,26.61,28.14,28.88,28.83,28.75,29.07,29.4,m,Freestyle
"HUTCHINS, Matthew T",1994,NZL,03:48.2,26.33,28.59,28.51,29.12,28.79,29.28,28.96,m,Freestyle
"IPSEN, Anton Oerskov",1994,DEN,03:48.3,26.31,28.3,28.64,29.18,28.69,29.21,29.1,m,Freestyle
"BERNEK, Peter",1992,HUN,03:48.6,26.24,28.07,28.61,28.32,28.86,29.08,29.49,m,Freestyle
"ACOSTA, Marcelo",1996,ESA,03:48.8,26.85,28.64,29.1,28.87,29.33,29.03,29.04,m,Freestyle
"WOJDAK, Wojciech",1996,POL,03:48.9,26.58,28.29,28.71,28.81,28.92,28.91,29.3,m,Freestyle
"RAPP, Clemens",1989,GER,03:49.1,26.61,28.65,28.62,29.21,28.89,29.3,29.12,m,Freestyle
"AUBOECK, Felix",1996,AUT,03:49.3,26.31,28.01,28.92,28.98,29.27,29.78,29.87,m,Freestyle
"QIU, Ziao",1998,CHN,03:49.5,26.33,28.02,28.71,28.93,29.43,29.47,30.05,m,Freestyle
"AHMED, Akram",1996,EGY,03:49.5,25.85,28.09,28.14,28.77,28.7,29.33,29.85,m,Freestyle
"ZABOROWSKI, Filip",1994,POL,03:49.8,26.73,28.67,28.55,29.27,29.11,29.39,29.41,m,Freestyle
"MICKA, Jan",1995,CZE,03:50.0,27.02,28.65,28.5,29.44,28.7,29.19,29.79,m,Freestyle
"ANDRUSENKO, Viacheslav",1992,RUS,03:50.2,26.36,28.57,29.24,29.28,29.32,29.4,29.83,m,Freestyle
"EHARA, Naito",1993,JPN,03:50.6,25.56,27.94,28.75,28.92,29.66,29.75,30.31,m,Freestyle
"ALTAMIR LOPES MELO, Luiz",1996,BRA,03:50.8,26.05,28.93,28.6,29.52,29.03,29.53,29.38,m,Freestyle
"QUINTERO, Cristian",1992,VEN,03:50.8,26.5,28.95,29.02,29.54,29.08,29.98,29.18,m,Freestyle
"SIM, Welson",1997,MAS,03:51.6,27.07,29.19,29.37,29.47,29.78,29.35,28.89,m,Freestyle
"MATHLOUTHI, Ahmed",1989,TUN,03:52.0,26.42,28.49,28.2,29.14,29.22,30.15,30.41,m,Freestyle
"GLAESNER, Mads",1988,DEN,03:52.6,26.57,28.41,29.01,29.17,29.46,29.31,30.5,m,Freestyle
"DURAN NAVIA, Miguel",1995,ESP,03:53.4,26.3,28.29,29.45,29.61,29.89,29.73,30.55,m,Freestyle
"KIS, Gergo",1988,HUN,03:54.1,26.94,28.88,29.3,30.03,29.56,30.65,30.16,m,Freestyle
"NAIDICH, Martin",1990,ARG,03:54.6,27.38,29.42,29.83,30.13,30.06,30.11,29.5,m,Freestyle
"BRANDL, David",1987,AUT,03:54.6,27.47,29.11,29.68,29.72,29.86,30.08,29.65,m,Freestyle
"DIMITRIOU, Dimitrios",1997,GRE,03:55.0,26.89,29.37,29.3,29.81,29.34,30.32,30.7,m,Freestyle
"KOSKI, Matias",1994,FIN,03:55.6,26.48,28.83,29.29,29.99,29.85,30.88,31.3,m,Freestyle
"KARAP, Nezir",1994,TUR,03:58.4,26.53,29.18,29.71,30.52,30.34,31.5,30.82,m,Freestyle
"SOBERS, Alex",1998,BAR,04:00.0,27.25,28.58,29.88,29.82,30.56,30.83,31.83,m,Freestyle
"REVISHVILI, Irakli",1989,GEO,04:00.6,27.1,29.87,29.8,30.74,30.2,31.02,30.85,m,Freestyle
"LACUNA, Jessie",1993,PHI,04:01.7,27.21,29.18,29.95,30.34,30.83,31.14,31.93,m,Freestyle
"HADJICONSTANTINOU, Iacovos",1994,CYP,04:03.5,27.7,30.58,30.65,31.36,30.89,31.56,30.6,m,Freestyle
"BUTLER, Geoffrey",1995,CAY,04:07.9,27.95,30.03,30.91,31.47,31.84,32.31,32.36,m,Freestyle
"ARIAS DOURDET, Pol",1996,AND,04:21.2,28.77,31.53,32.41,33.01,33.83,33.53,34.12,m,Freestyle
"BANDEY, Haris",1999,PAK,04:33.1,30.38,34.02,33.71,35.3,33.8,35.54,34.87,m,Freestyle
"PALTRINIERI, Gregorio",1994,ITA,03:50.7,27.34,28.97,28.92,28.84,28.98,29.14,29.18,m,Freestyle
"WILIMOVSKY, Jordan M",1994,USA,03:53.4,27.62,29.21,28.94,29.42,29.22,29.64,29.44,m,Freestyle
"JOLY, Damien",1992,FRA,03:55.1,27.74,29.61,29.87,29.26,29.62,29.49,29.92,m,Freestyle
"JOLY, Damien",1992,FRA,03:54.8,27.59,28.98,29.55,29.54,29.97,29.5,30.1,m,Freestyle
"WILIMOVSKY, Jordan M",1994,USA,03:54.8,27.64,29.36,29.43,29.47,29.51,29.88,29.61,m,Freestyle
"PALTRINIERI, Gregorio",1994,ITA,03:55.5,27.68,29.49,29.69,29.56,29.61,29.85,29.73,m,Freestyle
"MCLOUGHLIN, Jack",1995,AUS,03:55.7,27.37,29.68,29.59,29.79,29.68,29.78,29.82,m,Freestyle
"ROMANCHUK, Mykhaylo",1996,UKR,03:56.0,27.95,29.89,29.51,29.78,29.78,29.6,29.68,m,Freestyle
"FROLOV, Sergiy",1992,UKR,03:56.0,27.39,29.57,29.65,29.79,29.95,29.81,29.91,m,Freestyle
"SHUTTLEWORTH, Timothy",1997,GBR,03:56.5,27.13,29.71,29.57,30.24,29.89,30.35,29.56,m,Freestyle
"POTAPOV, Yaroslav",1999,RUS,03:56.5,26.92,29.83,29.79,29.85,29.95,30.04,30.16,m,Freestyle
"GYURTA, Gergely",1991,HUN,03:57.5,27.9,30.13,29.9,29.84,29.95,29.81,30.15,m,Freestyle
"DRUZHININ, Ilya",1998,RUS,03:58.4,27.36,29.73,29.7,30.11,30.21,30.44,30.29,m,Freestyle
"VARGAS JACOBO, Ricardo",1997,MEX,03:58.8,27.9,30.07,29.72,30.29,29.94,30.42,29.98,m,Freestyle
"RASOVSZKY, Kristof",1997,HUN,03:59.0,27.46,29.93,30.16,29.87,30.29,30.29,30.77,m,Freestyle
"JOENSEN, Pal",1990,DEN,04:00.2,28.32,29.82,30.04,30.34,30.38,30.62,30.32,m,Freestyle
"MELLOULI, Oussama",1984,TUN,04:00.6,28.23,30.28,30.49,30.48,30.24,30.47,30.12,m,Freestyle
"BAU, Martin",1994,SLO,04:00.8,27.89,30.18,30.61,30.42,30.46,30.4,30.56,m,Freestyle
"VALENTE, Miguel",1993,BRA,04:00.9,27.85,30.38,30.2,30.58,30.13,30.8,30.14,m,Freestyle
"WELLBROCK, Florian",1997,GER,04:01.1,28.69,30.44,30.73,30.04,30.47,30.09,30.45,m,Freestyle
"ALMEIDA, Brandonn",1997,BRA,04:01.3,28.23,30.44,30.02,30.58,30.18,30.65,30.39,m,Freestyle
"SANCHEZ TORRENS, Marc",1992,ESP,04:01.5,27.65,30.29,30.62,30.66,30.35,30.77,30.62,m,Freestyle
"NAGY, Richard",1993,SVK,04:02.3,28.28,29.99,30.2,30.6,30.9,30.59,31.03,m,Freestyle
"ARROYO PEREZ, Antonio",1994,ESP,04:03.4,27.57,30.65,30.67,31.15,30.82,31.06,30.72,m,Freestyle
"CEPRKALO, Mihajlo",1999,BIH,04:03.4,27.64,30.44,30.76,30.83,30.78,30.77,31.03,m,Freestyle
"ENDERICA, Esteban",1990,ECU,04:03.5,27.86,30.8,30.47,31,30.74,30.94,30.67,m,Freestyle
"MEYER, Matthew M",1998,RSA,04:04.1,28,30.22,30.83,31.03,30.95,31.21,30.64,m,Freestyle
"D'ORIANO, Nicolas",1997,FRA,04:04.5,28.44,29.9,31,31.01,31.02,31.15,31.04,m,Freestyle
"ROBERTS, Wesley",1997,COK,04:04.9,27.73,30.74,30.63,31.23,30.72,31.38,30.86,m,Freestyle
"SAWRYMOWICZ, Mateusz",1987,POL,04:05.2,29.17,30.65,30.83,30.88,31.08,30.79,30.86,m,Freestyle
"TAPIA, Felipe",1995,CHI,04:11.4,29.25,31.25,31.52,31.24,32.07,31.7,32.09,m,Freestyle
"LEDECKY, Kathleen",1997,USA,03:56.5,27.73,29.32,29.94,30.12,30.3,30.21,29.92,f,Freestyle
"CARLIN, Jazmin",1990,GBR,04:01.2,28.49,30.37,30.39,30.83,29.99,30.61,30.48,f,Freestyle
"SMITH, Leah G",1995,USA,04:01.9,28.42,30.47,30.7,30.93,30.58,30.6,30.29,f,Freestyle
"KAPAS, Boglarka",1993,HUN,04:02.4,28.88,30.79,30.28,30.73,30.69,30.95,30.39,f,Freestyle
"MACLEAN, Brittany",1994,CAN,04:04.7,28.11,30.47,30.52,31.42,30.99,31.38,31.05,f,Freestyle
"COOK, Tamsin",1998,AUS,04:05.3,28.91,30.83,31.18,31.32,31.35,31.19,31.01,f,Freestyle
"ASHWOOD, Jessica",1993,AUS,04:05.7,28.79,30.82,31.16,31.23,31.16,31.24,31.45,f,Freestyle
"BALMY, Coralie",1987,FRA,04:07.0,28.67,30.71,31.21,31.26,31.47,31.45,31.69,f,Freestyle
"LEDECKY, Kathleen",1997,USA,03:58.7,28.24,29.96,30.26,30.48,29.81,30.36,29.99,f,Freestyle
"CARLIN, Jazmin",1990,GBR,04:02.8,28.45,30.38,30.42,30.91,30.66,30.94,30.55,f,Freestyle
"SMITH, Leah G",1995,USA,04:03.4,28.29,30.27,30.63,31.04,30.8,30.92,30.78,f,Freestyle
"BALMY, Coralie",1987,FRA,04:03.4,28.39,30.15,30.79,30.77,31.16,30.97,31.04,f,Freestyle
"MACLEAN, Brittany",1994,CAN,04:03.4,28.5,29.99,30.73,30.5,31.06,31.01,31.21,f,Freestyle
"ASHWOOD, Jessica",1993,AUS,04:03.6,28.44,30.76,30.46,31.06,30.77,31.05,31.23,f,Freestyle
"KAPAS, Boglarka",1993,HUN,04:04.1,29.02,31.01,30.51,30.88,30.51,31.05,30.86,f,Freestyle
"COOK, Tamsin",1998,AUS,04:04.4,28.63,31.03,31.02,31.3,30.98,30.83,30.88,f,Freestyle
"ZHANG, Yuhan",1995,CHN,04:06.3,28.63,31.15,31.28,31.35,31.38,31.76,31.05,f,Freestyle
"KOEHLER, Sarah",1994,GER,04:06.5,28.72,31.26,31.14,31.49,31.08,31.59,31.31,f,Freestyle
"FRIIS, Lotte",1988,DEN,04:07.1,29,31.03,30.83,31.23,31.15,31.62,31.18,f,Freestyle
"IGARASHI, Chihiro",1995,JPN,04:07.5,28.32,31.3,31.12,31.9,31.55,31.75,31.3,f,Freestyle
"EVANS, Joanna L",1997,BAH,04:07.6,28.89,31.05,31.08,31.61,31.24,31.7,31.48,f,Freestyle
"BOYLE, Lauren",1987,NZL,04:07.9,28.66,30.93,31.02,31.59,31.12,31.82,31.69,f,Freestyle
"BELMONTE GARCIA, Mireia",1990,ESP,04:08.1,28.99,31.12,30.69,31.59,31.16,31.9,31.57,f,Freestyle
"PINTO, Andreina",1991,VEN,04:08.3,28.77,30.67,31.14,31.44,31.68,31.82,31.51,f,Freestyle
"COSTA SCHMID, Melanie",1989,ESP,04:09.0,29.26,30.15,30.86,30.58,31.46,31.53,32.78,f,Freestyle
"KLINAR, Anja",1988,SLO,04:09.1,30.05,30.83,31.05,30.85,31.52,31.43,32,f,Freestyle
"ROUWENDAAL van, Sharon",1993,NED,04:11.4,28.92,30.88,31.27,31.63,31.85,32.12,32.4,f,Freestyle
"OPENYSHEVA, Arina",1999,RUS,04:11.8,29.66,31.51,31.98,32.17,31.64,31.8,32.18,f,Freestyle
"KESELY, Ajna",2001,HUN,04:12.4,29.07,31.21,30.92,31.61,31.78,32.5,32.68,f,Freestyle
"MIZZAU, Alice",1993,ITA,04:14.2,28.7,30.88,30.92,32.02,32.31,33.08,33.2,f,Freestyle
"SIMONOVIC, Katarina",1994,SRB,04:15.6,29.54,31.53,32.19,32.46,32.04,32.74,32.96,f,Freestyle
"KOBRICH, Kristel",1985,CHI,04:16.1,29.92,31.86,32.05,32.62,32.33,32.85,32.37,f,Freestyle
"OVERHOLT, Emily",1997,CAN,04:16.2,29.71,31.43,32.34,32.48,32.69,32.69,33.07,f,Freestyle
"NGUYEN, Vien T",1996,VIE,04:16.3,29.18,31.43,31.51,32.23,32.32,33.2,33.12,f,Freestyle
"CARLI, Diletta",1996,ITA,04:17.2,30.95,31.75,32.4,32.45,32.66,32.7,32.41,f,Freestyle
"CAO, Yue",1995,CHN,04:19.6,28.51,30.67,31.82,32.74,33.79,33.85,34.59,f,Freestyle
"GRUEST SLOWING, Valerie",1999,GUA,04:19.6,28.87,31.54,32.7,33.36,33.22,33.57,33.61,f,Freestyle
"CABRERA, Lani",1993,BAR,04:29.0,30.6,32.41,33.87,33.59,34.69,34.39,35.36,f,Freestyle
"DOUEIHY, Gabriella",1999,LBN,04:31.2,31.08,32.64,34.49,33.95,35.15,34.85,35.7,f,Freestyle
"QUINTEROS, Rebeca",1997,ESA,04:52.1,31.98,34.89,35.81,37.56,37.2,38.47,38.04,f,Freestyle
"HOU, Yawen",1998,CHN,04:12.7,30.26,31.37,31.42,31.79,31.88,31.83,32.23,f,Freestyle
"ODER, Tjasa",1994,SLO,04:14.4,29.73,32.14,31.65,32.11,31.83,32.45,31.86,f,Freestyle
"HATTERSLEY, Camilla",1995,GBR,04:14.7,29.87,32.19,31.85,31.91,32.02,32.14,32.35,f,Freestyle
"ROBINSON, Emma",1994,NZL,04:15.1,29.68,32.27,32.31,31.97,32.19,31.94,32.58,f,Freestyle
"HASSLER, Julia",1993,LIE,04:15.5,29.68,31.89,31.77,32.51,32.22,32.74,32.1,f,Freestyle
"VILAS VIDAL, Maria",1996,ESP,04:15.6,29.7,32.02,31.68,32.36,32.07,32.67,32.21,f,Freestyle
"RISZTOV, Eva",1985,HUN,04:15.9,29.9,31.91,32.11,32.19,32.51,32.34,32.78,f,Freestyle
"GRUEST SLOWING, Valerie",1999,GUA,04:17.0,29.84,31.63,32.24,32.26,32.64,32.63,32.94,f,Freestyle
"HOLUB, Tamila Hryhorivna",1999,POR,04:19.5,30.43,32.14,32.57,32.5,32.9,32.78,33.09,f,Freestyle
"BECK, Leonie Antonia",1997,GER,04:21.0,30.1,32.12,32.63,32.91,33.25,33.2,33.5,f,Freestyle
"TE FLAN, Talita",1995,CIV,04:30.1,30.88,33.38,33.92,34.23,34.5,34.29,34.54,f,Freestyle
"HAFNAOUI, Ayoub",2002,TUN,03:43.4,25.89,27.96,28.25,28.55,28.5,28.56,28.42,m,Freestyle
"MCLOUGHLIN, Jack",1995,AUS,03:43.5,25.89,27.98,28.3,28.28,28.28,28.63,28.46,m,Freestyle
"SMITH, Kieran S",2000,USA,03:43.9,25.5,28.13,28.51,28.78,28.73,28.66,28.5,m,Freestyle
"MUEHLLEITNER, Henning",1997,GER,03:44.1,26.79,28.12,28.36,28.59,28.11,28.75,28.29,m,Freestyle
"AUBOECK, Felix",1996,AUT,03:44.1,26.58,28.4,28.4,28.49,28.11,28.47,28.12,m,Freestyle
"DETTI, Gabriele",1994,ITA,03:44.9,26.66,28.39,28.53,28.66,28.53,28.59,28.07,m,Freestyle
"WINNINGTON, Elijah",2000,AUS,03:45.2,25.41,28.14,28.51,28.73,28.99,28.88,28.51,m,Freestyle
"MITCHELL, Jake",2001,USA,03:45.4,25.76,28.25,28.6,29.1,28.85,28.66,28.43,m,Freestyle
"MUEHLLEITNER, Henning",1997,GER,03:43.7,26.71,28.15,28.43,28.73,27.83,28.23,28.04,m,Freestyle
"AUBOECK, Felix",1996,AUT,03:43.9,26.3,28.21,28.37,28.5,28.6,28.52,28.15,m,Freestyle
"DETTI, Gabriele",1994,ITA,03:44.7,26.3,28,28.31,28.65,28.51,28.61,28.42,m,Freestyle
"WINNINGTON, Elijah",2000,AUS,03:45.2,25.63,28.23,28.73,28.74,28.65,28.92,28.19,m,Freestyle
"MCLOUGHLIN, Jack",1995,AUS,03:45.2,25.93,28.19,28.6,28.84,28.66,28.86,28.51,m,Freestyle
"SMITH, Kieran S",2000,USA,03:45.2,25.82,28.16,28.59,28.92,28.63,28.8,28.69,m,Freestyle
"MITCHELL, Jake",2001,USA,03:45.4,26,28.47,28.53,28.98,28.61,28.51,28.34,m,Freestyle
"HAFNAOUI, Ayoub",2002,TUN,03:45.7,26.36,27.9,28.53,28.9,28.96,28.66,29.16,m,Freestyle
"DJAKOVIC, Antonio",2002,SUI,03:45.8,25.58,27.96,28.55,28.72,28.5,28.51,29.26,m,Freestyle
"DE TULLIO, Marco",2000,ITA,03:45.9,25.96,28.31,28.56,29.12,28.65,28.66,28.43,m,Freestyle
"COSTA, Guilherme",1998,BRA,03:46.0,26.13,28.1,28.74,29.09,29.09,28.64,28.77,m,Freestyle
"MARTENS, Lukas",2001,GER,03:46.3,25.9,28.02,28.75,29.07,28.64,28.66,28.55,m,Freestyle
"RAPSYS, Danas",1995,LTU,03:46.3,25.28,28.15,28.48,28.65,29.17,29.41,29.03,m,Freestyle
"ELKAMESH, Marwan",1993,EGY,03:46.9,26.53,28.12,28.91,28.71,28.7,28.71,28.76,m,Freestyle
"ZIRK, Kregor",1999,EST,03:47.0,26.49,28.53,29.08,28.92,29.11,28.73,28.82,m,Freestyle
"MESTRE, Alfonso E",2001,VEN,03:47.1,25.92,28.32,28.92,28.95,28.64,29.14,29.35,m,Freestyle
"EGOROV, Aleksandr",2001,RUS,03:47.7,26.52,28.38,28.55,28.55,28.81,28.87,29.28,m,Freestyle
"ZOMBORI, Gabor",2002,HUN,03:48.0,25.78,28.83,29.14,29.22,29.23,29.15,28.85,m,Freestyle
"JI, Xinjie",1997,CHN,03:48.3,26.24,28.51,28.95,29.25,29.32,29.42,28.8,m,Freestyle
"BIRD, Kieran",1999,GBR,03:48.5,26.22,28.29,28.81,29.34,29.01,29.33,29.1,m,Freestyle
"CHRISTIANSEN, Henrik",1996,NOR,03:48.9,26.35,28.39,28.63,28.86,29.06,29.34,29.39,m,Freestyle
"MALYUTIN, Martin",1999,RUS,03:49.5,26.14,28.54,28.97,29.13,28.93,29.45,29.54,m,Freestyle
"REID, Zac R",2000,NZL,03:49.8,26.06,28.49,28.87,29,28.96,29.71,29.44,m,Freestyle
"BAU, Martin",1994,SLO,03:52.6,26.71,29.34,29.34,29.86,29.7,29.7,29.25,m,Freestyle
"VARGAS, Joaquin",2002,PER,03:52.9,26.39,28.84,28.82,29.71,29.56,30.32,30.24,m,Freestyle
"LEE, Hojoon",2001,KOR,03:53.2,26.04,28.61,29.68,29.5,29.66,30.15,30.08,m,Freestyle
"CISTERNAS, Eduardo",2004,CHI,03:54.1,27.1,29.58,29.71,29.76,29.82,29.73,29.21,m,Freestyle
"AUBRY, David",1996,FRA,03:55.0,26.53,28.66,29.45,29.31,29.68,30.62,30.92,m,Freestyle
"PRAWIRA, Aflah",1997,INA,03:55.1,26.7,29.34,29.66,29.64,29.99,30.25,30.25,m,Freestyle
"ROBERTS, Wesley",1997,COK,03:55.6,26.23,29.08,29.56,30.23,30.29,30.38,30.52,m,Freestyle
"MOGNE, Igor Araujo",1996,MOZ,03:56.6,27.24,29.1,29.41,29.82,29.83,30.54,30.33,m,Freestyle
"REVISHVILI, Irakli",1989,GEO,03:57.5,27.38,29.56,29.91,30.03,30.35,30.34,30.19,m,Freestyle
"SIM, Welson",1997,MAS,03:58.2,26.65,29.17,29.88,30.36,30.47,30.86,31.07,m,Freestyle
"SOBERS, Alex",1998,BAR,03:59.1,26.52,28.55,29.2,29.87,30.39,31.38,31.61,m,Freestyle
"FREEMAN, James",2001,BOT,04:03.1,26.97,28.88,30.01,30.84,31.39,32.03,31.93,m,Freestyle
"DERKOSKI, Filip",2000,MKD,04:03.3,27.8,29.98,30.18,30.76,30.82,31.37,31.39,m,Freestyle
"PALTRINIERI, Gregorio",1994,ITA,03:50.6,26.86,28.29,28.65,29.06,29.26,29.35,29.54,m,Freestyle
"FINKE, Robert C",1999,USA,03:52.0,27.23,29.19,29.36,29.19,29.25,29.3,29.29,m,Freestyle
"FROLOV, Sergiy",1992,UKR,03:52.0,27.49,29.22,29.28,29.23,29.31,28.98,29.31,m,Freestyle
"ROMANCHUK, Mykhaylo",1996,UKR,03:52.0,27.63,28.94,29.04,29.27,29.16,29.3,29.32,m,Freestyle
"WELLBROCK, Florian",1997,GER,03:52.0,27.49,29.15,28.97,29.18,29.17,29.37,29.28,m,Freestyle
"FINKE, Robert C",1999,USA,03:50.9,27.11,29,29.12,29,29.25,29.17,29.18,m,Freestyle
"WELLBROCK, Florian",1997,GER,03:51.0,27.18,28.98,29.13,29.15,28.93,29.14,29.13,m,Freestyle
"ROMANCHUK, Mykhaylo",1996,UKR,03:51.1,27.57,29.37,29.2,29.16,28.96,28.89,28.97,m,Freestyle
"PALTRINIERI, Gregorio",1994,ITA,03:51.9,27.02,28.97,29.08,29.35,29.36,29.27,29.36,m,Freestyle
"FROLOV, Sergiy",1992,UKR,03:52.6,27.82,29.34,29.41,29.28,29.15,29.27,29.1,m,Freestyle
"NOERGAARD, Alexander Aslak",2000,DEN,03:53.2,26.94,29.19,29.2,29.44,29.5,29.52,29.76,m,Freestyle
"JOHANSSON, Victor",1998,SWE,03:53.2,27.2,29.03,29.07,29.36,29.47,29.49,29.74,m,Freestyle
"IPSEN, Anton Oerskov",1994,DEN,03:53.2,27.84,29.1,29.35,29.34,29.36,29.56,29.29,m,Freestyle
"WIFFEN, Daniel",2001,IRL,03:53.7,27.33,29.25,29.37,29.37,29.61,29.6,29.29,m,Freestyle
"ASLAN, Yigit",2003,TUR,03:53.8,27.06,28.88,29.12,29.4,29.51,29.85,29.93,m,Freestyle
"BRINEGAR, Michael",1999,USA,03:55.1,27.53,29.36,29.42,29.5,29.63,29.85,30.05,m,Freestyle
"MICKA, Jan",1995,CZE,03:55.5,27.06,28.75,29.63,29.69,30.06,29.9,30.04,m,Freestyle
"DRUZHININ, Ilya",1998,RUS,03:56.2,26.8,28.97,29.63,29.89,30.02,29.92,30.24,m,Freestyle
"KALMAR, Akos",2000,HUN,03:57.6,27.77,29.59,30.01,30.01,30,30.32,29.92,m,Freestyle
"NGUYEN, Huy Hoang",2000,VIE,03:57.8,27.91,29.8,29.97,29.97,30.17,30.02,30.1,m,Freestyle
"MARKOS, Dimitrios",2001,GRE,03:58.5,28.08,30.03,30.13,30.05,30.08,30.04,30.06,m,Freestyle
"CHENG, Long",2000,CHN,03:58.5,27.31,30.08,30.09,30.22,30.11,30.05,30.31,m,Freestyle
"LOPES, Jose Paulo",2000,POR,03:58.6,27.73,30.12,30.08,30.19,29.97,30.33,30.09,m,Freestyle
"CELIC, Vuk",1996,SRB,03:59.2,27.97,29.89,30.25,30.33,29.78,30.4,30.13,m,Freestyle
"ACOSTA, Marcelo",1996,ESA,03:59.7,27.63,29.51,29.66,30.51,30.58,30.47,30.57,m,Freestyle
"WELLBROCK, Florian",1997,GER,03:53.4,27.38,29.18,29.31,29.39,29.48,29.56,29.46,m,Freestyle
"PALTRINIERI, Gregorio",1994,ITA,03:53.9,27.09,28.83,29.16,29.67,29.66,30.04,29.66,m,Freestyle
"ROMANCHUK, Mykhaylo",1996,UKR,03:54.2,28.16,29.68,29.35,29.47,29.24,29.47,29.38,m,Freestyle
"FINKE, Robert C",1999,USA,03:54.3,27.45,29.38,29.25,29.64,29.4,29.83,29.65,m,Freestyle
"JERVIS, Daniel O",1996,GBR,03:54.8,27.24,29.48,29.9,29.48,29.51,29.57,29.85,m,Freestyle
"MARTYNYCHEV, Kirill",2002,RUS,03:56.5,27.61,29.36,29.89,29.44,29.94,29.95,30.28,m,Freestyle
"FROLOV, Sergiy",1992,UKR,03:57.5,27.7,29.57,29.99,29.95,30.15,30.09,30.09,m,Freestyle
"JERVIS, Daniel O",1996,GBR,03:52.7,26.88,28.89,29.19,29.27,29.42,29.56,29.64,m,Freestyle
"WELLBROCK, Florian",1997,GER,03:53.7,27.37,29.28,29.57,29.54,29.48,29.45,29.46,m,Freestyle
"FINKE, Robert C",1999,USA,03:54.7,27.2,29.35,29.74,29.64,29.69,29.67,29.54,m,Freestyle
"ROMANCHUK, Mykhaylo",1996,UKR,03:55.7,28.29,30.18,29.71,29.64,29.47,29.37,29.54,m,Freestyle
"PALTRINIERI, Gregorio",1994,ITA,03:55.7,27.35,29.41,29.78,29.78,29.74,29.91,29.69,m,Freestyle
"MARTYNYCHEV, Kirill",2002,RUS,03:56.1,27.6,29.59,29.42,29.89,30.05,30.05,29.7,m,Freestyle
"FROLOV, Sergiy",1992,UKR,03:56.5,28.15,29.54,29.84,29.73,29.97,29.77,29.7,m,Freestyle
"NOERGAARD, Alexander Aslak",2000,DEN,03:56.5,27.68,29.46,29.67,29.67,29.86,30.03,30.12,m,Freestyle
"NGUYEN, Huy Hoang",2000,VIE,03:56.9,28.43,29.66,29.9,29.82,29.82,29.86,29.68,m,Freestyle
"BRINEGAR, Michael",1999,USA,03:57.4,27.52,29.63,29.95,29.91,30.2,30.14,30.06,m,Freestyle
"KALMAR, Akos",2000,HUN,03:57.5,27.91,29.63,29.68,30.06,29.81,30.26,29.79,m,Freestyle
"GYURTA, Gergely",1991,HUN,03:57.6,27.52,29.55,30.12,29.86,30.17,29.96,30.34,m,Freestyle
"MICKA, Jan",1995,CZE,03:57.7,27.71,29.94,29.88,30.06,30.07,29.97,29.87,m,Freestyle
"JOHANSSON, Victor",1998,SWE,03:57.7,27.77,29.65,29.91,29.92,30.25,30.16,30.2,m,Freestyle
"NEILL, Thomas",2002,AUS,03:57.8,27.62,29.68,30,30.1,29.93,30.19,30.15,m,Freestyle
"ACERENZA, Domenico",1995,ITA,03:58.0,27.8,29.9,30.08,30.45,29.92,30.07,29.92,m,Freestyle
"IPSEN, Anton Oerskov",1994,DEN,03:58.9,28.36,29.91,29.99,30.56,29.91,30.2,29.88,m,Freestyle
"CHENG, Long",2000,CHN,04:01.9,28.25,30.07,30.21,30.53,30.45,30.59,30.94,m,Freestyle
"WIFFEN, Daniel",2001,IRL,04:02.3,28.13,30.31,30.7,30.87,30.46,30.63,30.62,m,Freestyle
"ACOSTA, Marcelo",1996,ESA,04:03.9,27.79,30.51,30.87,31.09,31.06,30.96,30.49,m,Freestyle
"DRUENNE, Theo",2005,MON,04:15.9,29.14,31.8,32.03,32.59,32.4,32.8,32.38,m,Freestyle
"TITMUS, Ariarne",2000,AUS,03:56.7,27.88,29.86,30.09,30.27,30.02,30.15,29.75,f,Freestyle
"LEDECKY, Kathleen",1997,USA,03:57.4,28.01,29.66,29.67,30.1,30.02,30.65,30.13,f,Freestyle
"LI, Bingjie",2002,CHN,04:01.1,28.41,30.3,30.74,30.92,30.8,30.31,30.13,f,Freestyle
"MCINTOSH, Summer",2006,CAN,04:02.4,27.87,30.42,30.49,30.54,30.41,30.78,31.04,f,Freestyle
"TANG, Muhan",2003,CHN,04:04.1,29.41,31.1,30.52,30.73,30.82,31.04,30.61,f,Freestyle
"GOSE, Isabel Marie",2002,GER,04:05.0,28.62,30.38,30.88,31.06,31.13,31.15,31.26,f,Freestyle
"MADDEN, Paige",1998,USA,04:06.8,28.64,30.47,30.63,31.19,31.13,31.56,31.78,f,Freestyle
"FAIRWEATHER, Erika",2003,NZL,04:08.0,28.24,30.62,31.2,31.53,31.44,31.92,31.92,f,Freestyle
"LEDECKY, Kathleen",1997,USA,04:00.4,27.78,29.63,29.94,30.31,30.84,30.89,30.83,f,Freestyle
"LI, Bingjie",2002,CHN,04:01.6,28.06,30.38,30.55,30.81,30.91,30.7,30.43,f,Freestyle
"TITMUS, Ariarne",2000,AUS,04:01.7,27.48,30.29,30.53,30.69,30.71,30.8,30.88,f,Freestyle
"FAIRWEATHER, Erika",2003,NZL,04:02.3,27.85,30.55,30.86,30.98,30.7,31.2,30.44,f,Freestyle
"MCINTOSH, Summer",2006,CAN,04:02.7,27.29,29.91,30.51,30.95,31.14,31.34,31.33,f,Freestyle
"GOSE, Isabel Marie",2002,GER,04:03.2,28.27,30.39,30.71,31.08,30.81,31.12,30.81,f,Freestyle
"MADDEN, Paige",1998,USA,04:04.0,28.97,31.05,31.04,30.53,30.51,30.77,30.37,f,Freestyle
"TANG, Muhan",2003,CHN,04:04.1,28.63,30.94,30.51,30.69,30.28,30.9,31.59,f,Freestyle
"COOK, Tamsin",1998,AUS,04:04.8,28.14,30.55,31.03,30.93,31.17,30.99,31.44,f,Freestyle
"KESELY, Ajna",2001,HUN,04:05.3,28.76,30.49,30.71,30.87,31.1,31.25,31.38,f,Freestyle
"KOBORI, Waka",2000,JPN,04:05.6,29.13,30.7,31.26,31.18,31.21,31.18,31.32,f,Freestyle
"HASSLER, Julia",1993,LIE,04:07.0,28.87,30.69,31.15,31.44,31.68,31.21,31.27,f,Freestyle
"EVANS, Joanna L",1997,BAH,04:07.5,28.33,30.58,30.94,31.31,31.39,31.74,31.98,f,Freestyle
"KIRPICHNIKOVA, Anastasia",2000,RUS,04:08.0,29.22,30.99,31.54,31.36,31.37,31.5,31.6,f,Freestyle
"EGOROVA, Anna",1998,RUS,04:08.2,28.16,30.66,30.75,31.3,31.03,31.75,32.32,f,Freestyle
"BOECEKLER, Beril",2004,TUR,04:08.3,29.09,30.81,31.35,31.51,31.45,31.82,31.58,f,Freestyle
"KAHLER, Marlene",2001,AUT,04:08.4,28.95,30.42,30.97,31.45,31.39,31.81,31.8,f,Freestyle
"KULLMANN, Leonie",1999,GER,04:10.2,29.39,30.93,31.29,31.48,31.44,32.13,32.06,f,Freestyle
"TUNCEL, Merve",2005,TUR,04:11.1,28.65,30.52,31.22,31.58,31.97,32.35,32.76,f,Freestyle
"NAMBA, Miyu",2002,JPN,04:13.5,28.7,31.33,32,32.31,32.84,32.7,32.52,f,Freestyle
"HAN, Dakyung",2000,KOR,04:16.5,28.71,30.6,31.87,32.38,33.46,33.62,32.95,f,Freestyle
"GATT, Sasha",2005,MLT,04:19.7,29.75,32.1,32.97,32.97,32.96,33.33,33.32,f,Freestyle
"RABARIJAONA, Tiana",1998,MAD,04:28.4,30.51,32.79,33.74,33.99,34.01,34.62,34.65,f,Freestyle
"ZEQIRI, Eda",2004,KOS,04:38.0,30.51,33.49,34.82,35.23,35.89,36.3,36.43,f,Freestyle
"TE FLAN, Talita",1995,CIV,04:38.9,30.64,33.46,35.07,35.65,36.02,36.29,36.16,f,Freestyle
"KUIPERS, Natalia Jean",2002,ISV,04:39.4,31.03,34.16,35.08,35.62,35.91,36.13,36.21,f,Freestyle
"GRIMES, Kathryn E",2006,USA,04:08.1,28.61,30.4,31.36,31.49,31.63,31.3,31.68,f,Freestyle
"QUADARELLA, Simona",1998,ITA,04:08.1,29.42,30.98,31.14,31.32,31.13,31.41,31.16,f,Freestyle
"WANG, Jianjiahe",2002,CHN,04:09.0,28.86,30.74,31.37,31.4,31.75,31.38,31.84,f,Freestyle
"MELVERTON, Kiah",1996,AUS,04:10.2,29.11,31.01,31.36,31.76,31.59,31.84,31.63,f,Freestyle
"KOEHLER, Sarah",1994,GER,04:10.5,29.51,31.08,31.43,31.55,31.64,31.75,31.68,f,Freestyle
"GRIMES, Kathryn E",2006,USA,04:07.5,28.69,30.73,31.11,31.12,31.37,31.52,31.43,f,Freestyle
"KOEHLER, Sarah",1994,GER,04:07.9,29.47,31.13,31.05,31.11,31.11,31.35,31.23,f,Freestyle
"QUADARELLA, Simona",1998,ITA,04:08.2,29.53,31.06,31.16,31.33,31.16,31.33,31.31,f,Freestyle
"WANG, Jianjiahe",2002,CHN,04:09.6,29,30.99,31.48,31.81,31.62,31.62,31.56,f,Freestyle
"MELVERTON, Kiah",1996,AUS,04:10.4,29.23,31.05,31.54,31.76,31.57,31.84,31.63,f,Freestyle
"TUNCEL, Merve",2005,TUR,04:10.7,29.53,31.36,31.55,31.65,31.46,31.69,31.61,f,Freestyle
"BELMONTE GARCIA, Mireia",1990,ESP,04:12.1,29.41,31.53,31.9,31.83,31.71,31.79,32.02,f,Freestyle
"CARAMIGNOLI, Martina Rita",1991,ITA,04:14.8,30.24,31.62,31.75,31.91,32.07,32.15,32.47,f,Freestyle
"KOBRICH, Kristel",1985,CHI,04:15.8,30.53,31.85,31.94,32.08,32.2,32.39,32.48,f,Freestyle
"THOMAS, Eve R",2001,NZL,04:16.1,30.21,32.44,32.08,32.25,32.04,32.27,32.68,f,Freestyle
"PEREZ BLANCO, Jimena",1997,ESP,04:16.7,30.17,32.27,32.52,32.31,32.22,32.48,32.33,f,Freestyle
"HOLUB, Tamila Hryhorivna",1999,POR,04:16.8,30.48,31.89,32.33,32.3,32.25,32.37,32.43,f,Freestyle
"JUNGBLUT, Viviane",1996,BRA,04:16.8,30.27,32.1,32.11,32.34,32.27,32.51,32.49,f,Freestyle
"ERTAN, Deniz",2004,TUR,04:17.0,29.86,32.31,32.57,32.58,32.39,32.55,32.36,f,Freestyle
"FAIN, Katja",2001,SLO,04:17.4,29.32,31.58,31.63,32.72,32.36,33.36,32.89,f,Freestyle
"PIGNATIELLO, Delfina",2000,ARG,04:18.6,30.02,31.94,32.21,32.59,32.77,33.03,32.95,f,Freestyle
"VALLONI, Arianna",2001,SMR,04:25.6,31.53,33.12,33.13,33.46,33.36,33.75,33.39,f,Freestyle
"NGUYEN, Thi Anh Vien",1996,VIE,04:25.9,29.98,32.81,33.1,33.56,33.58,34.02,34.38,f,Freestyle
"WANG, Jianjiahe",2002,CHN,04:09.0,28.71,31.12,31.44,31.43,31.64,31.67,31.61,f,Freestyle
"QUADARELLA, Simona",1998,ITA,04:09.3,29.63,31.07,31.32,31.41,31.52,31.39,31.61,f,Freestyle
"KOEHLER, Sarah",1994,GER,04:09.6,29.88,31.22,31.3,31.42,31.38,31.54,31.37,f,Freestyle
"SULLIVAN, Erica",2000,USA,04:12.7,29.68,31.56,31.67,31.97,32.21,32.01,31.82,f,Freestyle
"MELVERTON, Kiah",1996,AUS,04:13.6,29.95,31.53,31.66,31.88,31.94,32.37,32.15,f,Freestyle
"GOUGH, Madeleine",1999,AUS,04:15.4,30.25,31.97,32.21,32.06,32.21,32.2,32.19,f,Freestyle
"WANG, Jianjiahe",2002,CHN,04:06.8,28.59,30.9,31.01,31.12,31.21,31.26,31.31,f,Freestyle
"KOEHLER, Sarah",1994,GER,04:10.6,29.51,31.32,31.49,31.55,31.62,31.68,31.68,f,Freestyle
"QUADARELLA, Simona",1998,ITA,04:10.8,30.05,31.59,31.46,31.62,31.44,31.6,31.54,f,Freestyle
"SULLIVAN, Erica",2000,USA,04:10.9,29.84,31.41,31.55,31.44,31.64,31.75,31.73,f,Freestyle
"CARAMIGNOLI, Martina Rita",1991,ITA,04:14.2,30.33,31.66,31.89,31.67,32.21,32.11,32.35,f,Freestyle
"MELVERTON, Kiah",1996,AUS,04:14.6,29.95,31.47,31.99,32.15,32.38,32.38,32.16,f,Freestyle
"GOUGH, Madeleine",1999,AUS,04:14.9,30.38,32.12,32.04,32.34,31.74,32.3,31.74,f,Freestyle
"PIGNATIELLO, Delfina",2000,ARG,04:15.8,29.65,31.43,32.05,32.2,32.49,32.74,32.59,f,Freestyle
"KOBRICH, Kristel",1985,CHI,04:16.3,30.77,32.15,32.1,32.3,32.2,32.26,32.26,f,Freestyle
"MIHALYVARI FARKAS, Viktoria",2003,HUN,04:17.1,30.55,32.69,32.36,32.48,32.24,32.29,32.23,f,Freestyle
"BELMONTE GARCIA, Mireia",1990,ESP,04:17.2,30.15,32.27,32.61,32.18,32.74,32.28,32.74,f,Freestyle
"ERTAN, Deniz",2004,TUR,04:17.4,29.67,32.33,32.51,32.55,32.54,32.61,32.44,f,Freestyle
"HOLUB, Tamila Hryhorivna",1999,POR,04:17.9,30.54,32.31,32.49,32.6,32.62,32.56,32.35,f,Freestyle
"PEREZ BLANCO, Jimena",1997,ESP,04:17.9,30.22,32.52,32.77,32.67,32.4,32.44,32.36,f,Freestyle
"BELLIO, Katrina",2004,CAN,04:18.7,30.05,32.3,32.67,32.72,32.59,33.03,32.56,f,Freestyle
"FAIN, Katja",2001,SLO,04:19.6,29.4,32.33,32.4,33.04,32.76,33.35,32.98,f,Freestyle
"DURAES, Diana Margarida",1996,POR,04:20.1,30.71,32.54,32.82,32.82,32.83,32.8,32.65,f,Freestyle
"RIEDER, Celine",2001,GER,04:21.7,31.45,33.19,32.82,32.99,32.55,32.99,32.7,f,Freestyle
"JUNGBLUT, Viviane",1996,BRA,04:22.2,31.62,33.23,33.11,33.2,32.85,32.84,32.61,f,Freestyle
"THOMAS, Eve R",2001,NZL,04:22.7,31.15,33.23,33.37,33.13,33.28,33.36,32.57,f,Freestyle
"BACH, Helena Rosendahl",2000,DEN,04:23.4,30.97,33.5,33.04,33.64,33.1,33.4,32.7,f,Freestyle
"DIZOTTI, Beatriz",2000,BRA,04:24.3,30.95,33.26,33.41,33.66,33.37,33.48,32.97,f,Freestyle
"MCINTOSH, Hayley",1999,NZL,04:24.8,31.1,33.61,33.23,33.71,33.12,33.4,33.41,f,Freestyle
"VALLONI, Arianna",2001,SMR,04:25.1,31.45,33.01,33.27,33.36,33.47,33.48,33.49,f,Freestyle
"MILAK, Kristof",2000,HUN,03:48.1,26.24,28.96,29.99,28.74,29.18,29.7,28.51,m,Freestyle
"DE TULLIO, Marco",2000,ITA,03:48.5,26.35,28.81,29.1,29.82,28.81,29.35,28.52,m,Freestyle
"YOSHIDA, Keisuke",2000,JPN,03:48.7,26.04,28.59,29.26,29.3,29.96,29.55,29.09,m,Freestyle
"NGUYEN, Huy Hoang",2000,VIE,03:48.8,27.37,28.56,29.24,28.98,29.25,28.79,28.74,m,Freestyle
"KALMAR, Akos",2000,HUN,03:51.6,26.95,28.76,29.03,29.25,29.53,29.43,29.53,m,Freestyle
"LOKTEV, Denis",2000,ISR,03:52.1,25.87,28.62,29.21,29.96,29.82,29.9,29.65,m,Freestyle
"DJAKOVIC, Antonio",2002,SUI,03:53.7,26.5,28.92,29.19,30.01,29.98,30.19,30.05,m,Freestyle
"HAFNAOUI, Ayoub",2002,TUN,03:55.9,26.75,28.7,29.68,29.47,30.45,30.59,30.69,m,Freestyle
"YOSHIDA, Keisuke",2000,JPN,03:51.7,26.42,29.17,29.97,30,29.81,29.63,29.62,m,Freestyle
"KALMAR, Akos",2000,HUN,03:51.7,27.32,29.2,29.43,29.69,29.35,29.17,29.02,m,Freestyle
"MILAK, Kristof",2000,HUN,03:52.0,26.42,28.97,30.12,29.66,30.19,29.92,28.95,m,Freestyle
"LOKTEV, Denis",2000,ISR,03:52.0,27.07,29.21,29.77,29.6,29.67,29.35,29.62,m,Freestyle
"HAFNAOUI, Ayoub",2002,TUN,03:52.1,26.13,28.64,29.17,29.78,29.5,30.34,29.22,m,Freestyle
"DE TULLIO, Marco",2000,ITA,03:52.3,27.37,29.52,29.19,30.01,29.14,29.67,29.02,m,Freestyle
"NGUYEN, Huy Hoang",2000,VIE,03:52.4,27.3,29.26,29.36,29.81,29.62,29.62,29.44,m,Freestyle
"DJAKOVIC, Antonio",2002,SUI,03:52.4,26.4,28.95,29.36,30.23,29.66,30.12,29.57,m,Freestyle
"REID, Zac R",2000,NZL,03:52.8,26.82,29.2,29.8,29.67,29.87,29.58,29.72,m,Freestyle
"CALLONI, Johannes",2000,ITA,03:53.1,27.82,29.07,29.67,29.45,29.84,29.59,29.21,m,Freestyle
"HANSON, Robin",2001,SWE,03:53.7,26.71,28.81,29.54,29.64,30.08,29.72,30.17,m,Freestyle
"GHAFFARI, Mohamed",2000,TUN,03:54.0,26.45,28.9,30.08,29.76,30.31,29.91,29.93,m,Freestyle
"GIL CORBACHO, Marcos",2000,ESP,03:54.2,26.84,28.91,30.05,29.8,29.88,29.79,30.04,m,Freestyle
"SARTORI, Murilo",2002,BRA,03:55.8,28.3,30.26,30.29,29.69,29.71,29.32,29.61,m,Freestyle
"LOPES, Jose Paulo",2000,POR,03:56.1,26.53,29.45,29.39,30.57,29.63,30.68,29.96,m,Freestyle
"GEORGAKOPOULOS, Andreas",2000,GRE,03:56.4,27.87,29.75,30.09,30.32,29.72,29.98,29.67,m,Freestyle
"YANCHEV, Yordan",2001,BUL,03:56.9,27.7,30.15,29.3,30.08,29.27,30.34,30.55,m,Freestyle
"TURAN, Efe",2000,TUR,03:56.9,26.99,29.42,29.65,30.19,30.52,30.93,30.08,m,Freestyle
"SCHMIDT, Aaron",2000,GER,03:57.0,26.99,29.82,29.82,30.42,29.96,30.35,30.09,m,Freestyle
"FREEMAN, James",2001,BOT,03:57.4,27,30.19,30.08,30.37,30.05,30.65,29.89,m,Freestyle
"KURACHKIN, Kanstantsin",2000,BLR,03:58.0,26.37,29.12,29.99,30.29,30.71,30.43,30.89,m,Freestyle
"JULIA TOUS, Ferran",2000,ESP,03:58.1,27.16,29.89,29.62,30.73,29.58,31.04,30.12,m,Freestyle
"HONG, Jinquan",2003,CHN,03:58.9,27.24,29.95,29.92,30.21,30.5,30.84,30.4,m,Freestyle
"KOZIEJKO, Bartlomiej",2000,POL,03:59.1,27.94,29.22,30.24,29.79,30.21,30.35,31.03,m,Freestyle
"HLOBEN, Adam",2001,CZE,03:59.1,26.98,29.66,30.06,30.34,29.95,31.13,30.55,m,Freestyle
"BARAO, William S",2001,USA,04:00.4,27.76,29.94,30.5,30.5,30.76,30.76,30.8,m,Freestyle
"LACANSKI, Boris",2002,SRB,04:02.1,27.58,29.63,30.23,30.47,30.92,31.25,31.33,m,Freestyle
"BEAUGRAND, Paul",2000,FRA,04:02.8,27.01,30.62,30.77,31.05,31.23,31.31,31.14,m,Freestyle
"ARROYO, Jarod A",2001,PUR,04:02.9,27.63,29.49,29.7,30.38,30.78,31.11,32.32,m,Freestyle
"SINGH CHAHAL, Arvin Shaun",2000,MAS,04:06.1,27.98,30.2,30.51,31.53,31.25,31.79,31.54,m,Freestyle
"NDIAYE, Amadou",2001,SEN,04:17.4,29.2,31.36,33.02,32.69,33.28,32.81,33.03,m,Freestyle
"SAMIL, Nur Haziq",2001,BRU,04:33.5,29.89,33.04,33.71,35.25,35.11,36.07,35.51,m,Freestyle
"BEAUGRAND, Paul",2000,FRA,04:00.4,27.7,29.91,30.39,29.98,30.51,30.45,30.8,m,Freestyle
"CAMBLONG, Tomy-Lee",2001,FRA,04:06.1,28.39,30.89,30.57,31.14,31,31.39,31.39,m,Freestyle
"PAGE, Advait",2001,IND,04:07.4,28.5,31.21,30.64,31.54,30.9,31.66,31.08,m,Freestyle
"SANTO, Filipe Miguel",2000,POR,04:10.6,29.35,31.48,32.27,31.11,31.85,31.22,31.81,m,Freestyle
"PETCHAKUL, Sarith",2001,THA,04:13.5,28.16,31.3,32.18,32.08,32.51,32.25,32.6,m,Freestyle
"MACPHERSON, Murray",2002,MAW,04:41.1,31.28,34.54,35.68,34.72,36.22,36.24,36.36,m,Freestyle
"KESELY, Ajna",2001,HUN,04:07.1,29.08,31.07,31.26,31.47,31.32,31.56,31.14,f,Freestyle
"PIGNATIELLO, Delfina",2000,ARG,04:10.4,29.14,31.17,31.5,31.81,31.58,31.63,31.97,f,Freestyle
"KAHLER, Marlene",2001,AUT,04:12.5,29.28,31.04,31.55,31.61,32.12,32.04,32.78,f,Freestyle
"COETZEE, Dune",2002,RSA,04:15.3,29.43,31.1,31.94,32.07,32.88,33.01,33.51,f,Freestyle
"SIMS, Kaitlynn S",2000,USA,04:15.5,29.95,32.1,31.62,32.94,32.07,32.38,32.11,f,Freestyle
"OLIVA, Nicole Justine Marie",2001,PHI,04:16.6,30.21,32.42,32.23,32.55,32.41,33.03,32.28,f,Freestyle
"GALISTEO ZAPATERO, Andrea",2001,ESP,04:16.9,30.13,32.54,32.12,32.7,32.2,33.05,32.33,f,Freestyle
"DINI, Delfina",2001,ARG,04:19.2,29.91,31.87,32.71,33.07,33.02,33.28,32.93,f,Freestyle
"KESELY, Ajna",2001,HUN,04:10.7,29.56,31.74,31.49,31.63,31.67,31.85,31.64,f,Freestyle
"PIGNATIELLO, Delfina",2000,ARG,04:11.9,29.47,31.21,31.62,31.9,32.03,31.95,32.29,f,Freestyle
"KAHLER, Marlene",2001,AUT,04:13.1,29.67,32.04,31.21,31.8,31.65,32.44,32.15,f,Freestyle
"OLIVA, Nicole Justine Marie",2001,PHI,04:16.7,30.12,32.39,32.12,32.94,32.32,33.2,32.43,f,Freestyle
"COETZEE, Dune",2002,RSA,04:16.7,30.17,31.86,32.9,32.08,32.66,32.47,33.19,f,Freestyle
"SIMS, Kaitlynn S",2000,USA,04:16.9,29.97,32.16,31.39,32.34,31.75,33.72,32.9,f,Freestyle
"DINI, Delfina",2001,ARG,04:17.0,29.89,31.91,32.96,32.62,32.96,32.91,32.78,f,Freestyle
"GALISTEO ZAPATERO, Andrea",2001,ESP,04:17.1,30.25,32.64,31.86,32.85,32.13,32.93,32.2,f,Freestyle
"FAIRWEATHER, Erika",2003,NZL,04:17.4,29.67,32.47,31.69,33.27,32.39,33.59,32.46,f,Freestyle
"GAN, Ching Hwee",2003,SGP,04:17.9,29.81,32.23,32.57,32.59,32.76,32.86,32.99,f,Freestyle
"RIEDER, Celine",2001,GER,04:18.1,30.44,31.73,32.83,32.26,33.17,32.82,33.51,f,Freestyle
"RAURICH, Rafaela",2000,BRA,04:18.7,29.77,32.87,33,33.53,32.51,33.12,32.34,f,Freestyle
"BAROCSAI, Petra",2001,HUN,04:18.9,30.05,32.56,32.77,33.13,32.83,33.16,32.68,f,Freestyle
"HO, Tinky",2002,HKG,04:19.5,29.73,32.51,32.89,33.44,32.77,33.82,32.48,f,Freestyle
"DONOHOE, Madelyn E",2001,USA,04:19.5,30.08,32.37,32.03,33.23,32.61,33.69,32.94,f,Freestyle
"RYPESTOEL, Malene",2001,NOR,04:21.3,30.14,32.49,34.04,33.61,34.03,33.27,32.58,f,Freestyle
"KNOP, Aleksandra",2003,POL,04:22.1,30.54,32.07,33.16,32.51,33.63,33.72,33.8,f,Freestyle
"BEAVON, Kate J",2000,RSA,04:22.5,30.01,31.54,33.01,32.88,34.21,33.6,33.98,f,Freestyle
"CREVAR, Anja",2000,SRB,04:22.9,29.97,31.72,32.17,32.59,33.73,34.04,34.69,f,Freestyle
"BELLO, Samantha",2003,PER,04:23.3,30.56,33.43,33.53,33.74,32.56,33.47,32.98,f,Freestyle
"MALUKA, Ieva",2003,LAT,04:24.6,30.37,32.3,33.5,33.68,34.14,33.69,34.06,f,Freestyle
"VALLONI, Arianna",2001,SMR,04:26.9,31.79,32.61,33.71,33.39,34.19,33.34,34.51,f,Freestyle
"FRAZAO, Alexandra Couto",2002,POR,04:27.0,31.08,33.8,32.97,33.91,33.02,34.49,33.7,f,Freestyle
"ZAKE, Sandy Ayman Atef",2000,EGY,04:30.9,30.65,33.37,34.97,35.13,35.39,34.36,34.3,f,Freestyle
"KUIPERS, Natalia",2002,ISV,04:45.6,31.75,34.86,35.51,36.5,36.79,37.44,37.29,f,Freestyle
"ROCK, Katie",2003,ALB,04:50.7,33.33,35.65,37.58,36.92,37.55,36.77,37.25,f,Freestyle
"ROMAN MANTILLA, Maria Clara",2001,COL,04:24.1,31.06,33.65,32.81,33.42,33,33.61,32.98,f,Freestyle
"KADOGLU, Vasiliki",2003,BUL,04:33.8,30.51,33.57,34.23,34.77,34.79,35.11,35.41,f,Freestyle
"RAMIREZ, Jennifer",2002,HON,04:40.2,32.57,34.15,35.26,35.47,35.46,35.63,36.15,f,Freestyle
